Reference area,Domain,TIME_PERIOD,mean_normalized_measure
Australia,Civic engagement,2006,1.0
Australia,Civic engagement,2007,1.0
Australia,Civic engagement,2008,0.9940666666666667
Australia,Civic engagement,2009,0.9881333333333333
Australia,Civic engagement,2010,0.9822
Australia,Civic engagement,2011,0.9710333333333333
Australia,Civic engagement,2012,0.9598666666666666
Australia,Civic engagement,2013,0.9487
Australia,Civic engagement,2014,0.9422333333333334
Australia,Civic engagement,2015,0.9357666666666666
Australia,Civic engagement,2016,0.9293
Australia,Civic engagement,2017,0.9528666666666666
Australia,Civic engagement,2018,0.9764333333333334
Australia,Civic engagement,2019,1.0
Australia,Civic engagement,2020,0.6959
Australia,Civic engagement,2021,0.3918
Australia,Civic engagement,2022,0.9527
Australia,Civic engagement,2023,0.6758
Australia,Environmental quality,2006,0.6932
Australia,Environmental quality,2007,0.7271
Australia,Environmental quality,2008,0.7553
Australia,Environmental quality,2009,0.6117
Australia,Environmental quality,2010,0.8496
Australia,Environmental quality,2011,0.8682
Australia,Environmental quality,2012,0.8711
Australia,Environmental quality,2013,0.7978
Australia,Environmental quality,2014,0.7956
Australia,Environmental quality,2015,0.867
Australia,Environmental quality,2016,0.8433
Australia,Environmental quality,2017,0.8251
Australia,Environmental quality,2018,0.8432
Australia,Environmental quality,2019,0.5598
Australia,Environmental quality,2020,0.9244
Australia,Environmental quality,2021,0.9161
Australia,Environmental quality,2022,0.7785
Australia,Environmental quality,2023,0.8845
Australia,Health,2006,0.8437
Australia,Health,2007,0.699
Australia,Health,2008,0.8375
Australia,Health,2009,0.8213
Australia,Health,2010,0.8196
Australia,Health,2011,0.6865
Australia,Health,2012,0.8199
Australia,Health,2013,0.8164
Australia,Health,2014,0.7134
Australia,Health,2015,0.7908
Australia,Health,2016,0.7813
Australia,Health,2017,0.6848
Australia,Health,2018,0.7261
Australia,Health,2019,0.7339
Australia,Health,2020,0.7605
Australia,Health,2021,0.7905
Australia,Health,2022,0.7006
Australia,Health,2023,0.7006
Australia,Housing,2006,0.6035
Australia,Housing,2007,0.6657
Australia,Housing,2008,0.7181
Australia,Housing,2009,0.8046
Australia,Housing,2010,0.6449
Australia,Housing,2011,0.7931
Australia,Housing,2012,0.6079
Australia,Housing,2013,0.5398
Australia,Housing,2014,0.4822
Australia,Housing,2015,0.4773
Australia,Housing,2016,0.4886
Australia,Housing,2017,0.4909
Australia,Housing,2018,0.4743
Australia,Housing,2019,0.4451
Australia,Housing,2020,0.4551
Australia,Housing,2021,0.4319
Australia,Housing,2022,0.4319
Australia,Housing,2023,0.4319
Australia,Income and wealth,2006,0.5793
Australia,Income and wealth,2007,0.613
Australia,Income and wealth,2008,0.6603
Australia,Income and wealth,2009,0.6362
Australia,Income and wealth,2010,0.6803
Australia,Income and wealth,2011,0.6968
Australia,Income and wealth,2012,0.4858
Australia,Income and wealth,2013,0.6862
Australia,Income and wealth,2014,0.4696
Australia,Income and wealth,2015,0.6712
Australia,Income and wealth,2016,0.4257
Australia,Income and wealth,2017,0.637
Australia,Income and wealth,2018,0.4468
Australia,Income and wealth,2019,0.6304
Australia,Income and wealth,2020,0.4339
Australia,Income and wealth,2021,0.6116
Australia,Income and wealth,2022,0.6116
Australia,Income and wealth,2023,0.6116
Australia,Knowledge and skills,2006,0.7933
Australia,Knowledge and skills,2007,0.7997333333333333
Australia,Knowledge and skills,2008,0.8061666666666667
Australia,Knowledge and skills,2009,0.8126
Australia,Knowledge and skills,2010,0.7326
Australia,Knowledge and skills,2011,0.6526
Australia,Knowledge and skills,2012,0.5726
Australia,Knowledge and skills,2013,0.6279333333333333
Australia,Knowledge and skills,2014,0.6832666666666667
Australia,Knowledge and skills,2015,0.7386
Australia,Knowledge and skills,2016,0.724
Australia,Knowledge and skills,2017,0.7094
Australia,Knowledge and skills,2018,0.6948
Australia,Knowledge and skills,2019,0.696225
Australia,Knowledge and skills,2020,0.69765
Australia,Knowledge and skills,2021,0.699075
Australia,Knowledge and skills,2022,0.7005
Australia,Knowledge and skills,2023,0.7005
Australia,Safety,2006,0.6337
Australia,Safety,2007,0.6395
Australia,Safety,2008,0.632
Australia,Safety,2009,0.908
Australia,Safety,2010,0.6146
Australia,Safety,2011,0.6023
Australia,Safety,2012,0.5807
Australia,Safety,2013,0.604
Australia,Safety,2014,0.5471
Australia,Safety,2015,0.5391
Australia,Safety,2016,0.5388
Australia,Safety,2017,0.5771
Australia,Safety,2018,0.5788
Australia,Safety,2019,0.5772
Australia,Safety,2020,0.5941
Australia,Safety,2021,0.5944
Australia,Safety,2022,0.5981
Australia,Safety,2023,0.5613
Australia,Social connections,2006,0.8487
Australia,Social connections,2007,0.9277
Australia,Social connections,2008,0.8976
Australia,Social connections,2009,0.8922
Australia,Social connections,2010,0.8868
Australia,Social connections,2011,0.8834
Australia,Social connections,2012,0.8762
Australia,Social connections,2013,0.8762
Australia,Social connections,2014,0.8691
Australia,Social connections,2015,0.8618
Australia,Social connections,2016,0.8618
Australia,Social connections,2017,0.8576
Australia,Social connections,2018,0.8782
Australia,Social connections,2019,0.8341
Australia,Social connections,2020,0.8184
Australia,Social connections,2021,0.8184
Australia,Social connections,2022,0.8096
Australia,Social connections,2023,0.8096
Australia,Subjective well-being,2006,0.7078
Australia,Subjective well-being,2007,0.6694
Australia,Subjective well-being,2008,0.6737
Australia,Subjective well-being,2009,0.6899
Australia,Subjective well-being,2010,0.7061
Australia,Subjective well-being,2011,0.7168
Australia,Subjective well-being,2012,0.7168
Australia,Subjective well-being,2013,0.7168
Australia,Subjective well-being,2014,0.7084
Australia,Subjective well-being,2015,0.7084
Australia,Subjective well-being,2016,0.7084
Australia,Subjective well-being,2017,0.7185
Australia,Subjective well-being,2018,0.7185
Australia,Subjective well-being,2019,0.678
Australia,Subjective well-being,2020,0.6604
Australia,Subjective well-being,2021,0.688
Australia,Subjective well-being,2022,0.6419
Australia,Subjective well-being,2023,0.6419
Australia,Work and job quality,2006,0.768
Australia,Work and job quality,2007,0.8016
Australia,Work and job quality,2008,0.8073
Australia,Work and job quality,2009,0.8013
Australia,Work and job quality,2010,0.8192
Australia,Work and job quality,2011,0.8195
Australia,Work and job quality,2012,0.8224
Australia,Work and job quality,2013,0.813
Australia,Work and job quality,2014,0.8205
Australia,Work and job quality,2015,0.724
Australia,Work and job quality,2016,0.8089
Australia,Work and job quality,2017,0.7653
Australia,Work and job quality,2018,0.7826
Australia,Work and job quality,2019,0.7695
Australia,Work and job quality,2020,0.7635
Australia,Work and job quality,2021,0.811
Australia,Work and job quality,2022,0.7895
Australia,Work and job quality,2023,0.7968
Australia,Work-life balance,2006,0.4992
Australia,Work-life balance,2007,0.4992
Australia,Work-life balance,2008,0.4992
Australia,Work-life balance,2009,0.4992
Australia,Work-life balance,2010,0.4992
Australia,Work-life balance,2011,0.4992
Australia,Work-life balance,2012,0.4992
Australia,Work-life balance,2013,0.4992
Australia,Work-life balance,2014,0.4992
Australia,Work-life balance,2015,0.4992
Australia,Work-life balance,2016,0.4992
Australia,Work-life balance,2017,0.4992
Australia,Work-life balance,2018,0.4992
Australia,Work-life balance,2019,0.4992
Australia,Work-life balance,2020,0.4992
Australia,Work-life balance,2021,0.4992
Australia,Work-life balance,2022,0.4992
Australia,Work-life balance,2023,0.4992
Austria,Civic engagement,2006,0.7044
Austria,Civic engagement,2007,0.81105
Austria,Civic engagement,2008,0.9177
Austria,Civic engagement,2009,0.8669399999999999
Austria,Civic engagement,2010,0.81618
Austria,Civic engagement,2011,0.76542
Austria,Civic engagement,2012,0.7146600000000001
Austria,Civic engagement,2013,0.6639
Austria,Civic engagement,2014,0.6991750000000001
Austria,Civic engagement,2015,0.73445
Austria,Civic engagement,2016,0.769725
Austria,Civic engagement,2017,0.805
Austria,Civic engagement,2018,0.80815
Austria,Civic engagement,2019,0.8113
Austria,Civic engagement,2020,0.4923
Austria,Civic engagement,2021,0.1733
Austria,Civic engagement,2022,0.1733
Austria,Civic engagement,2023,0.1733
Austria,Environmental quality,2006,0.9999
Austria,Environmental quality,2007,0.9999
Austria,Environmental quality,2008,0.9999
Austria,Environmental quality,2009,0.9999
Austria,Environmental quality,2010,1.0
Austria,Environmental quality,2011,1.0
Austria,Environmental quality,2012,0.9002
Austria,Environmental quality,2013,1.0
Austria,Environmental quality,2014,1.0
Austria,Environmental quality,2015,0.9849
Austria,Environmental quality,2016,1.0
Austria,Environmental quality,2017,0.9998
Austria,Environmental quality,2018,0.898
Austria,Environmental quality,2019,0.9998
Austria,Environmental quality,2020,0.9999
Austria,Environmental quality,2021,1.0
Austria,Environmental quality,2022,1.0
Austria,Environmental quality,2023,1.0
Austria,Health,2006,0.6444
Austria,Health,2007,0.6609
Austria,Health,2008,0.6524
Austria,Health,2009,0.6401
Austria,Health,2010,0.6382
Austria,Health,2011,0.6506
Austria,Health,2012,0.6505
Austria,Health,2013,0.6479
Austria,Health,2014,0.5256
Austria,Health,2015,0.6463
Austria,Health,2016,0.656
Austria,Health,2017,0.6365
Austria,Health,2018,0.6494
Austria,Health,2019,0.5525
Austria,Health,2020,0.6593
Austria,Health,2021,0.6725
Austria,Health,2022,0.6277
Austria,Health,2023,0.6054
Austria,Housing,2006,0.3866
Austria,Housing,2007,0.4391
Austria,Housing,2008,0.4648
Austria,Housing,2009,0.472
Austria,Housing,2010,0.4851
Austria,Housing,2011,0.439
Austria,Housing,2012,0.4834
Austria,Housing,2013,0.4721
Austria,Housing,2014,0.4457
Austria,Housing,2015,0.4327
Austria,Housing,2016,0.4506
Austria,Housing,2017,0.4435
Austria,Housing,2018,0.4355
Austria,Housing,2019,0.4306
Austria,Housing,2020,0.4209
Austria,Housing,2021,0.4227
Austria,Housing,2022,0.3964
Austria,Housing,2023,0.3667
Austria,Income and wealth,2006,0.4586
Austria,Income and wealth,2007,0.3823
Austria,Income and wealth,2008,0.3783
Austria,Income and wealth,2009,0.3646
Austria,Income and wealth,2010,0.32
Austria,Income and wealth,2011,0.4011
Austria,Income and wealth,2012,0.3264
Austria,Income and wealth,2013,0.3134
Austria,Income and wealth,2014,0.3274
Austria,Income and wealth,2015,0.2885
Austria,Income and wealth,2016,0.3066
Austria,Income and wealth,2017,0.3401
Austria,Income and wealth,2018,0.2744
Austria,Income and wealth,2019,0.2976
Austria,Income and wealth,2020,0.2557
Austria,Income and wealth,2021,0.2625
Austria,Income and wealth,2022,0.3893
Austria,Income and wealth,2023,0.1232
Austria,Knowledge and skills,2006,0.6915
Austria,Knowledge and skills,2007,0.6561666666666667
Austria,Knowledge and skills,2008,0.6208333333333333
Austria,Knowledge and skills,2009,0.5855
Austria,Knowledge and skills,2010,0.586
Austria,Knowledge and skills,2011,0.5865
Austria,Knowledge and skills,2012,0.587
Austria,Knowledge and skills,2013,0.6122666666666666
Austria,Knowledge and skills,2014,0.6375333333333333
Austria,Knowledge and skills,2015,0.6628
Austria,Knowledge and skills,2016,0.6548999999999999
Austria,Knowledge and skills,2017,0.647
Austria,Knowledge and skills,2018,0.6391
Austria,Knowledge and skills,2019,0.6331249999999999
Austria,Knowledge and skills,2020,0.62715
Austria,Knowledge and skills,2021,0.621175
Austria,Knowledge and skills,2022,0.6152
Austria,Knowledge and skills,2023,0.6152
Austria,Safety,2006,0.8132
Austria,Safety,2007,0.9484
Austria,Safety,2008,0.8049
Austria,Safety,2009,0.8395
Austria,Safety,2010,0.8431
Austria,Safety,2011,0.8584
Austria,Safety,2012,0.8254
Austria,Safety,2013,0.8619
Austria,Safety,2014,0.7853
Austria,Safety,2015,0.7689
Austria,Safety,2016,0.773
Austria,Safety,2017,0.8081
Austria,Safety,2018,0.8081
Austria,Safety,2019,0.8101
Austria,Safety,2020,0.8044
Austria,Safety,2021,0.8039
Austria,Safety,2022,0.7996
Austria,Safety,2023,0.801
Austria,Social connections,2006,0.8568
Austria,Social connections,2007,0.83545
Austria,Social connections,2008,0.8141
Austria,Social connections,2009,0.8261
Austria,Social connections,2010,0.8552
Austria,Social connections,2011,0.8749
Austria,Social connections,2012,0.8678
Austria,Social connections,2013,0.8235
Austria,Social connections,2014,0.8239
Austria,Social connections,2015,0.817
Austria,Social connections,2016,0.817
Austria,Social connections,2017,0.7966
Austria,Social connections,2018,0.8327
Austria,Social connections,2019,0.7492
Austria,Social connections,2020,0.717
Austria,Social connections,2021,0.717
Austria,Social connections,2022,0.6933
Austria,Social connections,2023,0.6995
Austria,Subjective well-being,2006,0.8412
Austria,Subjective well-being,2007,0.7917
Austria,Subjective well-being,2008,0.7422
Austria,Subjective well-being,2009,0.7806
Austria,Subjective well-being,2010,0.7846
Austria,Subjective well-being,2011,0.7765
Austria,Subjective well-being,2012,0.7765
Austria,Subjective well-being,2013,0.8104
Austria,Subjective well-being,2014,0.801
Austria,Subjective well-being,2015,0.801
Austria,Subjective well-being,2016,0.801
Austria,Subjective well-being,2017,0.7879
Austria,Subjective well-being,2018,0.8158
Austria,Subjective well-being,2019,0.7756
Austria,Subjective well-being,2020,0.7872
Austria,Subjective well-being,2021,0.8031
Austria,Subjective well-being,2022,0.7999
Austria,Subjective well-being,2023,0.7736
Austria,Work and job quality,2006,0.7423
Austria,Work and job quality,2007,0.7951
Austria,Work and job quality,2008,0.807
Austria,Work and job quality,2009,0.8149
Austria,Work and job quality,2010,0.7443
Austria,Work and job quality,2011,0.8278
Austria,Work and job quality,2012,0.8328
Austria,Work and job quality,2013,0.8392
Austria,Work and job quality,2014,0.8402
Austria,Work and job quality,2015,0.7504
Austria,Work and job quality,2016,0.8235
Austria,Work and job quality,2017,0.7819
Austria,Work and job quality,2018,0.8147
Austria,Work and job quality,2019,0.7898
Austria,Work and job quality,2020,0.7889
Austria,Work and job quality,2021,0.8088
Austria,Work and job quality,2022,0.7877
Austria,Work and job quality,2023,0.7764
Austria,Work-life balance,2006,0.2757
Austria,Work-life balance,2007,0.2757
Austria,Work-life balance,2008,0.2757
Austria,Work-life balance,2009,0.3576
Austria,Work-life balance,2010,0.39399999999999996
Austria,Work-life balance,2011,0.4304
Austria,Work-life balance,2012,0.4668
Austria,Work-life balance,2013,0.5032
Austria,Work-life balance,2014,0.49554
Austria,Work-life balance,2015,0.48788
Austria,Work-life balance,2016,0.48022
Austria,Work-life balance,2017,0.47256
Austria,Work-life balance,2018,0.4649
Austria,Work-life balance,2019,0.464375
Austria,Work-life balance,2020,0.46385
Austria,Work-life balance,2021,0.463325
Austria,Work-life balance,2022,0.4628
Austria,Work-life balance,2023,0.4628
Belgium,Civic engagement,2006,0.9406
Belgium,Civic engagement,2007,0.9406
Belgium,Civic engagement,2008,0.9324666666666667
Belgium,Civic engagement,2009,0.9243333333333333
Belgium,Civic engagement,2010,0.9162
Belgium,Civic engagement,2011,0.905575
Belgium,Civic engagement,2012,0.89495
Belgium,Civic engagement,2013,0.884325
Belgium,Civic engagement,2014,0.8737
Belgium,Civic engagement,2015,0.8908400000000001
Belgium,Civic engagement,2016,0.90798
Belgium,Civic engagement,2017,0.92512
Belgium,Civic engagement,2018,0.94226
Belgium,Civic engagement,2019,0.9594
Belgium,Civic engagement,2020,0.5918
Belgium,Civic engagement,2021,0.2242
Belgium,Civic engagement,2022,0.30905
Belgium,Civic engagement,2023,0.3939
Belgium,Environmental quality,2006,0.9953
Belgium,Environmental quality,2007,0.9963
Belgium,Environmental quality,2008,0.997
Belgium,Environmental quality,2009,0.9971
Belgium,Environmental quality,2010,0.9984
Belgium,Environmental quality,2011,0.9982
Belgium,Environmental quality,2012,0.7815
Belgium,Environmental quality,2013,0.999
Belgium,Environmental quality,2014,0.9991
Belgium,Environmental quality,2015,0.9991
Belgium,Environmental quality,2016,0.9996
Belgium,Environmental quality,2017,0.9996
Belgium,Environmental quality,2018,0.7778
Belgium,Environmental quality,2019,0.9995
Belgium,Environmental quality,2020,0.9996
Belgium,Environmental quality,2021,1.0
Belgium,Environmental quality,2022,1.0
Belgium,Environmental quality,2023,1.0
Belgium,Health,2006,0.6705
Belgium,Health,2007,0.6788
Belgium,Health,2008,0.6681
Belgium,Health,2009,0.6608
Belgium,Health,2010,0.6592
Belgium,Health,2011,0.6749
Belgium,Health,2012,0.6673
Belgium,Health,2013,0.6706
Belgium,Health,2014,0.6847
Belgium,Health,2015,0.6778
Belgium,Health,2016,0.6837
Belgium,Health,2017,0.6688
Belgium,Health,2018,0.6715
Belgium,Health,2019,0.6189
Belgium,Health,2020,0.6623
Belgium,Health,2021,0.6844
Belgium,Health,2022,0.6602
Belgium,Health,2023,0.6605
Belgium,Housing,2006,0.5535
Belgium,Housing,2007,0.5972
Belgium,Housing,2008,0.5252
Belgium,Housing,2009,0.5308
Belgium,Housing,2010,0.6314
Belgium,Housing,2011,0.6467
Belgium,Housing,2012,0.5641
Belgium,Housing,2013,0.6451
Belgium,Housing,2014,0.5839
Belgium,Housing,2015,0.5602
Belgium,Housing,2016,0.5503
Belgium,Housing,2017,0.5516
Belgium,Housing,2018,0.5211
Belgium,Housing,2019,0.5202
Belgium,Housing,2020,0.5463
Belgium,Housing,2021,0.5191
Belgium,Housing,2022,0.5142
Belgium,Housing,2023,0.4802
Belgium,Income and wealth,2006,0.4768
Belgium,Income and wealth,2007,0.4631
Belgium,Income and wealth,2008,0.5249
Belgium,Income and wealth,2009,0.5057
Belgium,Income and wealth,2010,0.5667
Belgium,Income and wealth,2011,0.4816
Belgium,Income and wealth,2012,0.4748
Belgium,Income and wealth,2013,0.4526
Belgium,Income and wealth,2014,0.4057
Belgium,Income and wealth,2015,0.4456
Belgium,Income and wealth,2016,0.4468
Belgium,Income and wealth,2017,0.4934
Belgium,Income and wealth,2018,0.249
Belgium,Income and wealth,2019,0.2695
Belgium,Income and wealth,2020,0.2258
Belgium,Income and wealth,2021,0.2206
Belgium,Income and wealth,2022,0.392
Belgium,Income and wealth,2023,0.1527
Belgium,Knowledge and skills,2006,0.7393
Belgium,Knowledge and skills,2007,0.7414
Belgium,Knowledge and skills,2008,0.7435
Belgium,Knowledge and skills,2009,0.7456
Belgium,Knowledge and skills,2010,0.7501
Belgium,Knowledge and skills,2011,0.7546
Belgium,Knowledge and skills,2012,0.7591
Belgium,Knowledge and skills,2013,0.7407
Belgium,Knowledge and skills,2014,0.7222999999999999
Belgium,Knowledge and skills,2015,0.7039
Belgium,Knowledge and skills,2016,0.6975666666666667
Belgium,Knowledge and skills,2017,0.6912333333333333
Belgium,Knowledge and skills,2018,0.6849
Belgium,Knowledge and skills,2019,0.6697
Belgium,Knowledge and skills,2020,0.6545
Belgium,Knowledge and skills,2021,0.6393
Belgium,Knowledge and skills,2022,0.6241
Belgium,Knowledge and skills,2023,0.6241
Belgium,Safety,2006,0.7392
Belgium,Safety,2007,0.7018
Belgium,Safety,2008,0.6805
Belgium,Safety,2009,0.8546
Belgium,Safety,2010,0.662
Belgium,Safety,2011,0.6345
Belgium,Safety,2012,0.6141
Belgium,Safety,2013,0.6402
Belgium,Safety,2014,0.6044
Belgium,Safety,2015,0.5941
Belgium,Safety,2016,0.5987
Belgium,Safety,2017,0.5978
Belgium,Safety,2018,0.5981
Belgium,Safety,2019,0.604
Belgium,Safety,2020,0.6074
Belgium,Safety,2021,0.547
Belgium,Safety,2022,0.6214
Belgium,Safety,2023,0.6162
Belgium,Social connections,2006,0.86
Belgium,Social connections,2007,0.8555
Belgium,Social connections,2008,0.8377
Belgium,Social connections,2009,0.83985
Belgium,Social connections,2010,0.842
Belgium,Social connections,2011,0.8399
Belgium,Social connections,2012,0.7358
Belgium,Social connections,2013,0.6952
Belgium,Social connections,2014,0.822
Belgium,Social connections,2015,0.8151
Belgium,Social connections,2016,0.8151
Belgium,Social connections,2017,0.7946
Belgium,Social connections,2018,0.7276
Belgium,Social connections,2019,0.7591
Belgium,Social connections,2020,0.7566
Belgium,Social connections,2021,0.7566
Belgium,Social connections,2022,0.7391
Belgium,Social connections,2023,0.7568
Belgium,Subjective well-being,2006,0.706
Belgium,Subjective well-being,2007,0.6481
Belgium,Subjective well-being,2008,0.6368
Belgium,Subjective well-being,2009,0.6411
Belgium,Subjective well-being,2010,0.6454
Belgium,Subjective well-being,2011,0.6403
Belgium,Subjective well-being,2012,0.6403
Belgium,Subjective well-being,2013,0.728
Belgium,Subjective well-being,2014,0.6487
Belgium,Subjective well-being,2015,0.6487
Belgium,Subjective well-being,2016,0.6487
Belgium,Subjective well-being,2017,0.605
Belgium,Subjective well-being,2018,0.6903
Belgium,Subjective well-being,2019,0.5859
Belgium,Subjective well-being,2020,0.5925
Belgium,Subjective well-being,2021,0.6818
Belgium,Subjective well-being,2022,0.6885
Belgium,Subjective well-being,2023,0.6309
Belgium,Work and job quality,2006,0.6881
Belgium,Work and job quality,2007,0.7283
Belgium,Work and job quality,2008,0.728
Belgium,Work and job quality,2009,0.7387
Belgium,Work and job quality,2010,0.6968
Belgium,Work and job quality,2011,0.7751
Belgium,Work and job quality,2012,0.7757
Belgium,Work and job quality,2013,0.7688
Belgium,Work and job quality,2014,0.79
Belgium,Work and job quality,2015,0.6978
Belgium,Work and job quality,2016,0.7794
Belgium,Work and job quality,2017,0.7209
Belgium,Work and job quality,2018,0.7405
Belgium,Work and job quality,2019,0.7491
Belgium,Work and job quality,2020,0.7561
Belgium,Work and job quality,2021,0.7916
Belgium,Work and job quality,2022,0.7559
Belgium,Work and job quality,2023,0.7494
Belgium,Work-life balance,2006,0.6447
Belgium,Work-life balance,2007,0.6447
Belgium,Work-life balance,2008,0.6447
Belgium,Work-life balance,2009,0.6447
Belgium,Work-life balance,2010,0.6447
Belgium,Work-life balance,2011,0.6447
Belgium,Work-life balance,2012,0.6447
Belgium,Work-life balance,2013,0.4125
Belgium,Work-life balance,2014,0.4093
Belgium,Work-life balance,2015,0.4061
Belgium,Work-life balance,2016,0.4029
Belgium,Work-life balance,2017,0.3997
Belgium,Work-life balance,2018,0.3965
Belgium,Work-life balance,2019,0.3872
Belgium,Work-life balance,2020,0.3779
Belgium,Work-life balance,2021,0.36860000000000004
Belgium,Work-life balance,2022,0.3593
Belgium,Work-life balance,2023,0.3593
Canada,Civic engagement,2006,0.4127
Canada,Civic engagement,2007,0.20635
Canada,Civic engagement,2008,0.0
Canada,Civic engagement,2009,0.10466666666666667
Canada,Civic engagement,2010,0.20933333333333334
Canada,Civic engagement,2011,0.314
Canada,Civic engagement,2012,0.340075
Canada,Civic engagement,2013,0.36615
Canada,Civic engagement,2014,0.392225
Canada,Civic engagement,2015,0.4183
Canada,Civic engagement,2016,0.49355000000000004
Canada,Civic engagement,2017,0.5688
Canada,Civic engagement,2018,0.64405
Canada,Civic engagement,2019,0.7193
Canada,Civic engagement,2020,0.8215
Canada,Civic engagement,2021,0.4509
Canada,Civic engagement,2022,0.50885
Canada,Civic engagement,2023,0.5668
Canada,Environmental quality,2006,0.8076
Canada,Environmental quality,2007,0.7823
Canada,Environmental quality,2008,0.7921
Canada,Environmental quality,2009,0.5636
Canada,Environmental quality,2010,0.8134
Canada,Environmental quality,2011,0.5706
Canada,Environmental quality,2012,0.7828
Canada,Environmental quality,2013,0.811
Canada,Environmental quality,2014,0.8259
Canada,Environmental quality,2015,0.8121
Canada,Environmental quality,2016,0.734
Canada,Environmental quality,2017,0.8942
Canada,Environmental quality,2018,0.8308
Canada,Environmental quality,2019,0.6306
Canada,Environmental quality,2020,0.816
Canada,Environmental quality,2021,1.0
Canada,Environmental quality,2022,1.0
Canada,Environmental quality,2023,1.0
Canada,Health,2006,0.8161
Canada,Health,2007,0.6898
Canada,Health,2008,0.6826
Canada,Health,2009,0.671
Canada,Health,2010,0.6693
Canada,Health,2011,0.7077
Canada,Health,2012,0.7082
Canada,Health,2013,0.7082
Canada,Health,2014,0.7067
Canada,Health,2015,0.7038
Canada,Health,2016,0.7093
Canada,Health,2017,0.6906
Canada,Health,2018,0.688
Canada,Health,2019,0.6946
Canada,Health,2020,0.6905
Canada,Health,2021,0.6946
Canada,Health,2022,0.6871
Canada,Health,2023,0.6871
Canada,Housing,2006,0.5881
Canada,Housing,2007,0.6208
Canada,Housing,2008,0.6298
Canada,Housing,2009,0.656
Canada,Housing,2010,0.6366
Canada,Housing,2011,0.6138
Canada,Housing,2012,0.5996
Canada,Housing,2013,0.5674
Canada,Housing,2014,0.5316
Canada,Housing,2015,0.5423
Canada,Housing,2016,0.5024
Canada,Housing,2017,0.5077
Canada,Housing,2018,0.4848
Canada,Housing,2019,0.4776
Canada,Housing,2020,0.5631
Canada,Housing,2021,0.5717
Canada,Housing,2022,0.427
Canada,Housing,2023,0.4022
Canada,Income and wealth,2006,0.6554
Canada,Income and wealth,2007,0.5289
Canada,Income and wealth,2008,0.5233
Canada,Income and wealth,2009,0.4768
Canada,Income and wealth,2010,0.4324
Canada,Income and wealth,2011,0.4202
Canada,Income and wealth,2012,0.5512
Canada,Income and wealth,2013,0.4446
Canada,Income and wealth,2014,0.4076
Canada,Income and wealth,2015,0.4575
Canada,Income and wealth,2016,0.4042
Canada,Income and wealth,2017,0.4099
Canada,Income and wealth,2018,0.3301
Canada,Income and wealth,2019,0.4999
Canada,Income and wealth,2020,0.2817
Canada,Income and wealth,2021,0.3003
Canada,Income and wealth,2022,0.5734
Canada,Income and wealth,2023,0.7627
Canada,Knowledge and skills,2006,0.8486
Canada,Knowledge and skills,2007,0.8542666666666667
Canada,Knowledge and skills,2008,0.8599333333333333
Canada,Knowledge and skills,2009,0.8656
Canada,Knowledge and skills,2010,0.7708
Canada,Knowledge and skills,2011,0.676
Canada,Knowledge and skills,2012,0.5812
Canada,Knowledge and skills,2013,0.6598
Canada,Knowledge and skills,2014,0.7384
Canada,Knowledge and skills,2015,0.817
Canada,Knowledge and skills,2016,0.7933333333333333
Canada,Knowledge and skills,2017,0.7696666666666666
Canada,Knowledge and skills,2018,0.746
Canada,Knowledge and skills,2019,0.7387
Canada,Knowledge and skills,2020,0.7314
Canada,Knowledge and skills,2021,0.7241
Canada,Knowledge and skills,2022,0.7168
Canada,Knowledge and skills,2023,0.7168
Canada,Safety,2006,0.7838
Canada,Safety,2007,0.8063
Canada,Safety,2008,0.7821
Canada,Safety,2009,0.7997
Canada,Safety,2010,0.7945
Canada,Safety,2011,0.7949
Canada,Safety,2012,0.7647
Canada,Safety,2013,0.7957
Canada,Safety,2014,0.7821
Canada,Safety,2015,0.7679
Canada,Safety,2016,0.7693
Canada,Safety,2017,0.78
Canada,Safety,2018,0.779
Canada,Safety,2019,0.738
Canada,Safety,2020,0.7234
Canada,Safety,2021,0.7246
Canada,Safety,2022,0.6986
Canada,Safety,2023,0.6802
Canada,Social connections,2006,0.9114
Canada,Social connections,2007,0.8987
Canada,Social connections,2008,0.886
Canada,Social connections,2009,0.8906
Canada,Social connections,2010,0.8585
Canada,Social connections,2011,0.87
Canada,Social connections,2012,0.8629
Canada,Social connections,2013,0.8629
Canada,Social connections,2014,0.8351
Canada,Social connections,2015,0.7643
Canada,Social connections,2016,0.5808
Canada,Social connections,2017,0.8191
Canada,Social connections,2018,0.8388
Canada,Social connections,2019,0.7909
Canada,Social connections,2020,0.7921
Canada,Social connections,2021,0.6038
Canada,Social connections,2022,0.78
Canada,Social connections,2023,0.78
Canada,Subjective well-being,2006,0.745
Canada,Subjective well-being,2007,0.6983
Canada,Subjective well-being,2008,0.7005
Canada,Subjective well-being,2009,0.6154
Canada,Subjective well-being,2010,0.6143
Canada,Subjective well-being,2011,0.624
Canada,Subjective well-being,2012,0.606
Canada,Subjective well-being,2013,0.7292
Canada,Subjective well-being,2014,0.7452
Canada,Subjective well-being,2015,0.7541
Canada,Subjective well-being,2016,0.7605
Canada,Subjective well-being,2017,0.7411
Canada,Subjective well-being,2018,0.7189
Canada,Subjective well-being,2019,0.6898
Canada,Subjective well-being,2020,0.6899
Canada,Subjective well-being,2021,0.6685
Canada,Subjective well-being,2022,0.6243
Canada,Subjective well-being,2023,0.5768
Canada,Work and job quality,2006,0.804
Canada,Work and job quality,2007,0.8229
Canada,Work and job quality,2008,0.8257
Canada,Work and job quality,2009,0.8192
Canada,Work and job quality,2010,0.8212
Canada,Work and job quality,2011,0.8245
Canada,Work and job quality,2012,0.8304
Canada,Work and job quality,2013,0.8423
Canada,Work and job quality,2014,0.85
Canada,Work and job quality,2015,0.8437
Canada,Work and job quality,2016,0.836
Canada,Work and job quality,2017,0.8127
Canada,Work and job quality,2018,0.828
Canada,Work and job quality,2019,0.8123
Canada,Work and job quality,2020,0.7917
Canada,Work and job quality,2021,0.8188
Canada,Work and job quality,2022,0.8069
Canada,Work and job quality,2023,0.8235
Canada,Work-life balance,2006,0.1506
Canada,Work-life balance,2007,0.1506
Canada,Work-life balance,2008,0.1506
Canada,Work-life balance,2009,0.1506
Canada,Work-life balance,2010,0.1506
Canada,Work-life balance,2011,0.2296
Canada,Work-life balance,2012,0.3086
Canada,Work-life balance,2013,0.38759999999999994
Canada,Work-life balance,2014,0.46659999999999996
Canada,Work-life balance,2015,0.5456
Canada,Work-life balance,2016,0.58755
Canada,Work-life balance,2017,0.6295
Canada,Work-life balance,2018,0.67145
Canada,Work-life balance,2019,0.7134
Canada,Work-life balance,2020,0.75535
Canada,Work-life balance,2021,0.7973
Canada,Work-life balance,2022,0.6375
Canada,Work-life balance,2023,0.6375
Chile,Civic engagement,2006,0.8865
Chile,Civic engagement,2007,0.8998666666666666
Chile,Civic engagement,2008,0.9132333333333333
Chile,Civic engagement,2009,0.9266
Chile,Civic engagement,2010,0.8786
Chile,Civic engagement,2011,0.6776666666666668
Chile,Civic engagement,2012,0.4767333333333334
Chile,Civic engagement,2013,0.2758
Chile,Civic engagement,2014,0.297875
Chile,Civic engagement,2015,0.31994999999999996
Chile,Civic engagement,2016,0.34202499999999997
Chile,Civic engagement,2017,0.3641
Chile,Civic engagement,2018,0.366275
Chile,Civic engagement,2019,0.36845
Chile,Civic engagement,2020,0.370625
Chile,Civic engagement,2021,0.3728
Chile,Civic engagement,2022,0.31095
Chile,Civic engagement,2023,0.2491
Chile,Environmental quality,2006,0.957
Chile,Environmental quality,2007,0.9668
Chile,Environmental quality,2008,0.9729
Chile,Environmental quality,2009,0.9744
Chile,Environmental quality,2010,0.9858
Chile,Environmental quality,2011,0.9846
Chile,Environmental quality,2012,0.9896
Chile,Environmental quality,2013,0.9912
Chile,Environmental quality,2014,0.9923
Chile,Environmental quality,2015,0.9927
Chile,Environmental quality,2016,0.9962
Chile,Environmental quality,2017,0.9964
Chile,Environmental quality,2018,0.9947
Chile,Environmental quality,2019,0.9954
Chile,Environmental quality,2020,0.9969
Chile,Environmental quality,2021,1.0
Chile,Environmental quality,2022,1.0
Chile,Environmental quality,2023,1.0
Chile,Health,2006,0.5124
Chile,Health,2007,0.7384
Chile,Health,2008,0.7113
Chile,Health,2009,0.552
Chile,Health,2010,0.6863
Chile,Health,2011,0.6636
Chile,Health,2012,0.7103
Chile,Health,2013,0.5777
Chile,Health,2014,0.7253
Chile,Health,2015,0.5599
Chile,Health,2016,0.7314
Chile,Health,2017,0.5605
Chile,Health,2018,0.6911
Chile,Health,2019,0.7063
Chile,Health,2020,0.6584
Chile,Health,2021,0.5518
Chile,Health,2022,0.6685
Chile,Health,2023,0.6667
Chile,Housing,2006,0.1249
Chile,Housing,2007,0.12853333333333333
Chile,Housing,2008,0.13216666666666665
Chile,Housing,2009,0.1358
Chile,Housing,2010,0.36034999999999995
Chile,Housing,2011,0.5849
Chile,Housing,2012,0.4927
Chile,Housing,2013,0.5434
Chile,Housing,2014,0.5066
Chile,Housing,2015,0.558
Chile,Housing,2016,0.6205
Chile,Housing,2017,0.7357
Chile,Housing,2018,0.8134
Chile,Housing,2019,0.8005
Chile,Housing,2020,0.8882
Chile,Housing,2021,0.7827
Chile,Housing,2022,0.7859
Chile,Housing,2023,0.7859
Chile,Income and wealth,2006,1.0
Chile,Income and wealth,2007,1.0
Chile,Income and wealth,2008,1.0
Chile,Income and wealth,2009,1.0
Chile,Income and wealth,2010,0.7737
Chile,Income and wealth,2011,0.5474
Chile,Income and wealth,2012,0.6252
Chile,Income and wealth,2013,0.703
Chile,Income and wealth,2014,0.548
Chile,Income and wealth,2015,0.6785
Chile,Income and wealth,2016,0.6488499999999999
Chile,Income and wealth,2017,0.6192
Chile,Income and wealth,2018,0.7208
Chile,Income and wealth,2019,0.8224
Chile,Income and wealth,2020,0.924
Chile,Income and wealth,2021,0.81435
Chile,Income and wealth,2022,0.7047
Chile,Income and wealth,2023,0.7047
Chile,Knowledge and skills,2006,0.2835
Chile,Knowledge and skills,2007,0.28126666666666666
Chile,Knowledge and skills,2008,0.2790333333333333
Chile,Knowledge and skills,2009,0.2768
Chile,Knowledge and skills,2010,0.2795333333333333
Chile,Knowledge and skills,2011,0.28226666666666667
Chile,Knowledge and skills,2012,0.285
Chile,Knowledge and skills,2013,0.31305
Chile,Knowledge and skills,2014,0.3411
Chile,Knowledge and skills,2015,0.5212
Chile,Knowledge and skills,2016,0.4789333333333333
Chile,Knowledge and skills,2017,0.43666666666666665
Chile,Knowledge and skills,2018,0.3944
Chile,Knowledge and skills,2019,0.37844999999999995
Chile,Knowledge and skills,2020,0.3625
Chile,Knowledge and skills,2021,0.34655
Chile,Knowledge and skills,2022,0.3306
Chile,Knowledge and skills,2023,0.3306
Chile,Safety,2006,0.359
Chile,Safety,2007,0.3318
Chile,Safety,2008,0.3378
Chile,Safety,2009,0.37
Chile,Safety,2010,0.3556
Chile,Safety,2011,0.3552
Chile,Safety,2012,0.346
Chile,Safety,2013,0.3556
Chile,Safety,2014,0.3056
Chile,Safety,2015,0.3011
Chile,Safety,2016,0.3015
Chile,Safety,2017,0.2989
Chile,Safety,2018,0.3003
Chile,Safety,2019,0.2614
Chile,Safety,2020,0.2565
Chile,Safety,2021,0.2547
Chile,Safety,2022,0.1678
Chile,Safety,2023,0.1771
Chile,Social connections,2006,0.6172
Chile,Social connections,2007,0.6187
Chile,Social connections,2008,0.6105
Chile,Social connections,2009,0.6205
Chile,Social connections,2010,0.6413
Chile,Social connections,2011,0.6532
Chile,Social connections,2012,0.6478
Chile,Social connections,2013,0.6478
Chile,Social connections,2014,0.6505
Chile,Social connections,2015,0.645
Chile,Social connections,2016,0.645
Chile,Social connections,2017,0.7064
Chile,Social connections,2018,0.7234
Chile,Social connections,2019,0.6687
Chile,Social connections,2020,0.6786
Chile,Social connections,2021,0.6786
Chile,Social connections,2022,0.669
Chile,Social connections,2023,0.669
Chile,Subjective well-being,2006,0.4752
Chile,Subjective well-being,2007,0.4604
Chile,Subjective well-being,2008,0.4771
Chile,Subjective well-being,2009,0.4871
Chile,Subjective well-being,2010,0.5082
Chile,Subjective well-being,2011,0.5012
Chile,Subjective well-being,2012,0.5012
Chile,Subjective well-being,2013,0.5012
Chile,Subjective well-being,2014,0.553
Chile,Subjective well-being,2015,0.553
Chile,Subjective well-being,2016,0.553
Chile,Subjective well-being,2017,0.5499
Chile,Subjective well-being,2018,0.5499
Chile,Subjective well-being,2019,0.5321
Chile,Subjective well-being,2020,0.5484
Chile,Subjective well-being,2021,0.5484
Chile,Subjective well-being,2022,0.5424
Chile,Subjective well-being,2023,0.5424
Chile,Work and job quality,2006,0.6406
Chile,Work and job quality,2007,0.6492
Chile,Work and job quality,2008,0.6671
Chile,Work and job quality,2009,0.6536
Chile,Work and job quality,2010,0.6341
Chile,Work and job quality,2011,0.6591
Chile,Work and job quality,2012,0.7002
Chile,Work and job quality,2013,0.7195
Chile,Work and job quality,2014,0.7547
Chile,Work and job quality,2015,0.6397
Chile,Work and job quality,2016,0.7345
Chile,Work and job quality,2017,0.6949
Chile,Work and job quality,2018,0.6859
Chile,Work and job quality,2019,0.6842
Chile,Work and job quality,2020,0.6303
Chile,Work and job quality,2021,0.6795
Chile,Work and job quality,2022,0.6559
Chile,Work and job quality,2023,0.7386
Colombia,Civic engagement,2006,0.0
Colombia,Civic engagement,2007,0.064425
Colombia,Civic engagement,2008,0.12885
Colombia,Civic engagement,2009,0.19327499999999997
Colombia,Civic engagement,2010,0.2577
Colombia,Civic engagement,2011,0.2601
Colombia,Civic engagement,2012,0.26249999999999996
Colombia,Civic engagement,2013,0.26489999999999997
Colombia,Civic engagement,2014,0.2673
Colombia,Civic engagement,2015,0.20484999999999998
Colombia,Civic engagement,2016,0.1424
Colombia,Civic engagement,2017,0.07995000000000001
Colombia,Civic engagement,2018,0.0175
Colombia,Civic engagement,2019,0.05266666666666667
Colombia,Civic engagement,2020,0.08783333333333333
Colombia,Civic engagement,2021,0.123
Colombia,Civic engagement,2022,0.431
Colombia,Civic engagement,2023,0.2736
Colombia,Environmental quality,2006,0.8738
Colombia,Environmental quality,2007,0.8652
Colombia,Environmental quality,2008,0.9435
Colombia,Environmental quality,2009,0.9021
Colombia,Environmental quality,2010,0.8673
Colombia,Environmental quality,2011,0.9613
Colombia,Environmental quality,2012,0.9069
Colombia,Environmental quality,2013,0.8532
Colombia,Environmental quality,2014,0.8258
Colombia,Environmental quality,2015,0.8473
Colombia,Environmental quality,2016,0.7694
Colombia,Environmental quality,2017,0.8542
Colombia,Environmental quality,2018,0.8179
Colombia,Environmental quality,2019,0.8139
Colombia,Environmental quality,2020,0.8107
Colombia,Environmental quality,2021,0.8144
Colombia,Environmental quality,2022,0.8781
Colombia,Environmental quality,2023,0.7288
Colombia,Health,2006,0.6509
Colombia,Health,2007,0.6708
Colombia,Health,2008,0.6506
Colombia,Health,2009,0.6306
Colombia,Health,2010,0.6298
Colombia,Health,2011,0.6351
Colombia,Health,2012,0.6326
Colombia,Health,2013,0.6413
Colombia,Health,2014,0.6267
Colombia,Health,2015,0.6251
Colombia,Health,2016,0.6253
Colombia,Health,2017,0.5983
Colombia,Health,2018,0.5983
Colombia,Health,2019,0.5948
Colombia,Health,2020,0.678
Colombia,Health,2021,0.7006
Colombia,Health,2022,0.4256
Colombia,Health,2023,0.4256
Colombia,Housing,2006,0.1635
Colombia,Housing,2007,0.1635
Colombia,Housing,2008,0.1635
Colombia,Housing,2009,0.1635
Colombia,Housing,2010,0.1635
Colombia,Housing,2011,0.0075
Colombia,Housing,2012,0.4996
Colombia,Housing,2013,0.4784
Colombia,Housing,2014,0.5
Colombia,Housing,2015,0.5
Colombia,Housing,2016,0.5
Colombia,Housing,2017,0.5
Colombia,Housing,2018,0.5
Colombia,Housing,2019,0.5
Colombia,Housing,2020,0.5
Colombia,Housing,2021,0.5
Colombia,Housing,2022,0.5102
Colombia,Housing,2023,0.5102
Colombia,Knowledge and skills,2006,0.0
Colombia,Knowledge and skills,2007,0.0
Colombia,Knowledge and skills,2008,0.0
Colombia,Knowledge and skills,2009,0.0
Colombia,Knowledge and skills,2010,0.0
Colombia,Knowledge and skills,2011,0.0
Colombia,Knowledge and skills,2012,0.0
Colombia,Knowledge and skills,2013,0.14173333333333335
Colombia,Knowledge and skills,2014,0.2834666666666667
Colombia,Knowledge and skills,2015,0.4252
Colombia,Knowledge and skills,2016,0.35126666666666667
Colombia,Knowledge and skills,2017,0.2773333333333333
Colombia,Knowledge and skills,2018,0.2034
Colombia,Knowledge and skills,2019,0.182375
Colombia,Knowledge and skills,2020,0.16135
Colombia,Knowledge and skills,2021,0.140325
Colombia,Knowledge and skills,2022,0.1193
Colombia,Knowledge and skills,2023,0.1193
Colombia,Safety,2006,0.3921
Colombia,Safety,2007,0.3952
Colombia,Safety,2008,0.3554
Colombia,Safety,2009,0.3242
Colombia,Safety,2010,0.2436
Colombia,Safety,2011,0.192
Colombia,Safety,2012,0.1867
Colombia,Safety,2013,0.1923
Colombia,Safety,2014,0.1742
Colombia,Safety,2015,0.1717
Colombia,Safety,2016,0.1717
Colombia,Safety,2017,0.2375
Colombia,Safety,2018,0.2444
Colombia,Safety,2019,0.2386
Colombia,Safety,2020,0.2531
Colombia,Safety,2021,0.2394
Colombia,Safety,2022,0.2482
Colombia,Safety,2023,0.2482
Colombia,Social connections,2006,0.777
Colombia,Social connections,2007,0.781
Colombia,Social connections,2008,0.7542
Colombia,Social connections,2009,0.7584
Colombia,Social connections,2010,0.7653
Colombia,Social connections,2011,0.781
Colombia,Social connections,2012,0.7747
Colombia,Social connections,2013,0.7747
Colombia,Social connections,2014,0.7625
Colombia,Social connections,2015,0.7561
Colombia,Social connections,2016,0.7561
Colombia,Social connections,2017,0.7097
Colombia,Social connections,2018,0.7267
Colombia,Social connections,2019,0.5981
Colombia,Social connections,2020,0.5117
Colombia,Social connections,2021,0.5117
Colombia,Social connections,2022,0.5694
Colombia,Social connections,2023,0.5694
Colombia,Subjective well-being,2006,0.6034
Colombia,Subjective well-being,2007,0.5704
Colombia,Subjective well-being,2008,0.5857
Colombia,Subjective well-being,2009,0.6048
Colombia,Subjective well-being,2010,0.6137
Colombia,Subjective well-being,2011,0.5999
Colombia,Subjective well-being,2012,0.5999
Colombia,Subjective well-being,2013,0.5999
Colombia,Subjective well-being,2014,0.6389
Colombia,Subjective well-being,2015,0.6389
Colombia,Subjective well-being,2016,0.6389
Colombia,Subjective well-being,2017,0.6059
Colombia,Subjective well-being,2018,0.6958
Colombia,Subjective well-being,2019,0.6672
Colombia,Subjective well-being,2020,0.6628
Colombia,Subjective well-being,2021,0.648
Colombia,Subjective well-being,2022,0.6414
Colombia,Subjective well-being,2023,0.5551
Colombia,Work and job quality,2006,0.3589
Colombia,Work and job quality,2007,0.6084
Colombia,Work and job quality,2008,0.6118
Colombia,Work and job quality,2009,0.628
Colombia,Work and job quality,2010,0.6504
Colombia,Work and job quality,2011,0.6582
Colombia,Work and job quality,2012,0.6452
Colombia,Work and job quality,2013,0.6558
Colombia,Work and job quality,2014,0.6661
Colombia,Work and job quality,2015,0.6566
Colombia,Work and job quality,2016,0.633
Colombia,Work and job quality,2017,0.6199
Colombia,Work and job quality,2018,0.6433
Colombia,Work and job quality,2019,0.5917
Colombia,Work and job quality,2020,0.5682
Colombia,Work and job quality,2021,0.6495
Colombia,Work and job quality,2022,0.624
Colombia,Work and job quality,2023,0.6452
Colombia,Work-life balance,2006,0.5885
Colombia,Work-life balance,2007,0.5885
Colombia,Work-life balance,2008,0.5885
Colombia,Work-life balance,2009,0.5885
Colombia,Work-life balance,2010,0.5885
Colombia,Work-life balance,2011,0.5885
Colombia,Work-life balance,2012,0.5885
Colombia,Work-life balance,2013,0.548725
Colombia,Work-life balance,2014,0.50895
Colombia,Work-life balance,2015,0.469175
Colombia,Work-life balance,2016,0.4294
Colombia,Work-life balance,2017,0.389625
Colombia,Work-life balance,2018,0.34985
Colombia,Work-life balance,2019,0.310075
Colombia,Work-life balance,2020,0.2703
Colombia,Work-life balance,2021,0.6354
Colombia,Work-life balance,2022,0.5481
Colombia,Work-life balance,2023,0.5481
Costa Rica,Civic engagement,2006,0.4225
Costa Rica,Civic engagement,2007,0.46299999999999997
Costa Rica,Civic engagement,2008,0.5035000000000001
Costa Rica,Civic engagement,2009,0.544
Costa Rica,Civic engagement,2010,0.5845
Costa Rica,Civic engagement,2011,0.57995
Costa Rica,Civic engagement,2012,0.5754
Costa Rica,Civic engagement,2013,0.5708500000000001
Costa Rica,Civic engagement,2014,0.5663
Costa Rica,Civic engagement,2015,0.50115
Costa Rica,Civic engagement,2016,0.43600000000000005
Costa Rica,Civic engagement,2017,0.37085
Costa Rica,Civic engagement,2018,0.3057
Costa Rica,Civic engagement,2019,0.347275
Costa Rica,Civic engagement,2020,0.38885000000000003
Costa Rica,Civic engagement,2021,0.430425
Costa Rica,Civic engagement,2022,0.472
Costa Rica,Civic engagement,2023,0.2391
Costa Rica,Environmental quality,2006,0.9925
Costa Rica,Environmental quality,2007,0.9942
Costa Rica,Environmental quality,2008,0.9952
Costa Rica,Environmental quality,2009,0.9955
Costa Rica,Environmental quality,2010,0.9794
Costa Rica,Environmental quality,2011,0.9973
Costa Rica,Environmental quality,2012,0.9981
Costa Rica,Environmental quality,2013,0.9984
Costa Rica,Environmental quality,2014,0.9986
Costa Rica,Environmental quality,2015,0.9987
Costa Rica,Environmental quality,2016,0.9747
Costa Rica,Environmental quality,2017,0.9993
Costa Rica,Environmental quality,2018,0.999
Costa Rica,Environmental quality,2019,0.9991
Costa Rica,Environmental quality,2020,0.9956
Costa Rica,Environmental quality,2021,1.0
Costa Rica,Environmental quality,2022,1.0
Costa Rica,Environmental quality,2023,0.9925
Costa Rica,Health,2006,0.7909
Costa Rica,Health,2007,0.8103
Costa Rica,Health,2008,0.7961
Costa Rica,Health,2009,0.7812
Costa Rica,Health,2010,0.7626
Costa Rica,Health,2011,0.7607
Costa Rica,Health,2012,0.7684
Costa Rica,Health,2013,0.7701
Costa Rica,Health,2014,0.7686
Costa Rica,Health,2015,0.7555
Costa Rica,Health,2016,0.7619
Costa Rica,Health,2017,0.7368
Costa Rica,Health,2018,0.5925
Costa Rica,Health,2019,0.7121
Costa Rica,Health,2020,0.7745
Costa Rica,Health,2021,0.699
Costa Rica,Health,2022,0.6497
Costa Rica,Health,2023,0.6415
Costa Rica,Housing,2006,0.5437
Costa Rica,Housing,2007,0.5437
Costa Rica,Housing,2008,0.5437
Costa Rica,Housing,2009,0.5437
Costa Rica,Housing,2010,0.5437
Costa Rica,Housing,2011,0.5616
Costa Rica,Housing,2012,0.647
Costa Rica,Housing,2013,0.6271
Costa Rica,Housing,2014,0.6376
Costa Rica,Housing,2015,0.6246
Costa Rica,Housing,2016,0.645
Costa Rica,Housing,2017,0.7017
Costa Rica,Housing,2018,0.6984
Costa Rica,Housing,2019,0.6987
Costa Rica,Housing,2020,0.7871
Costa Rica,Housing,2021,0.7064
Costa Rica,Housing,2022,0.6446
Costa Rica,Housing,2023,0.6446
Costa Rica,Income and wealth,2006,1.0
Costa Rica,Income and wealth,2007,1.0
Costa Rica,Income and wealth,2008,1.0
Costa Rica,Income and wealth,2009,1.0
Costa Rica,Income and wealth,2010,1.0
Costa Rica,Income and wealth,2011,1.0
Costa Rica,Income and wealth,2012,0.6667
Costa Rica,Income and wealth,2013,0.6667
Costa Rica,Income and wealth,2014,0.6667
Costa Rica,Income and wealth,2015,0.6667
Costa Rica,Income and wealth,2016,0.6667
Costa Rica,Income and wealth,2017,0.6667
Costa Rica,Income and wealth,2018,0.6667
Costa Rica,Income and wealth,2019,0.6667
Costa Rica,Income and wealth,2020,1.0
Costa Rica,Income and wealth,2021,1.0
Costa Rica,Income and wealth,2022,1.0
Costa Rica,Income and wealth,2023,0.5
Costa Rica,Knowledge and skills,2006,0.2184
Costa Rica,Knowledge and skills,2007,0.2184
Costa Rica,Knowledge and skills,2008,0.2184
Costa Rica,Knowledge and skills,2009,0.2184
Costa Rica,Knowledge and skills,2010,0.2184
Costa Rica,Knowledge and skills,2011,0.2184
Costa Rica,Knowledge and skills,2012,0.2184
Costa Rica,Knowledge and skills,2013,0.2973
Costa Rica,Knowledge and skills,2014,0.3762
Costa Rica,Knowledge and skills,2015,0.4551
Costa Rica,Knowledge and skills,2016,0.3794
Costa Rica,Knowledge and skills,2017,0.30369999999999997
Costa Rica,Knowledge and skills,2018,0.228
Costa Rica,Knowledge and skills,2019,0.19592500000000002
Costa Rica,Knowledge and skills,2020,0.16385
Costa Rica,Knowledge and skills,2021,0.13177499999999998
Costa Rica,Knowledge and skills,2022,0.0997
Costa Rica,Knowledge and skills,2023,0.0997
Costa Rica,Safety,2006,0.4389
Costa Rica,Safety,2007,0.4005
Costa Rica,Safety,2008,0.3924
Costa Rica,Safety,2009,0.3652
Costa Rica,Safety,2010,0.298
Costa Rica,Safety,2011,0.2683
Costa Rica,Safety,2012,0.2644
Costa Rica,Safety,2013,0.2694
Costa Rica,Safety,2014,0.2249
Costa Rica,Safety,2015,0.2166
Costa Rica,Safety,2016,0.2173
Costa Rica,Safety,2017,0.2856
Costa Rica,Safety,2018,0.288
Costa Rica,Safety,2019,0.2995
Costa Rica,Safety,2020,0.3264
Costa Rica,Safety,2021,0.2407
Costa Rica,Safety,2022,0.2804
Costa Rica,Safety,2023,0.2804
Costa Rica,Social connections,2006,0.8361
Costa Rica,Social connections,2007,0.846
Costa Rica,Social connections,2008,0.8049
Costa Rica,Social connections,2009,0.8082
Costa Rica,Social connections,2010,0.7924
Costa Rica,Social connections,2011,0.7832
Costa Rica,Social connections,2012,0.7768
Costa Rica,Social connections,2013,0.7768
Costa Rica,Social connections,2014,0.7702
Costa Rica,Social connections,2015,0.7637
Costa Rica,Social connections,2016,0.7637
Costa Rica,Social connections,2017,0.7566
Costa Rica,Social connections,2018,0.7747
Costa Rica,Social connections,2019,0.703
Costa Rica,Social connections,2020,0.6585
Costa Rica,Social connections,2021,0.6585
Costa Rica,Social connections,2022,0.6903
Costa Rica,Social connections,2023,0.6903
Costa Rica,Subjective well-being,2006,0.7042
Costa Rica,Subjective well-being,2007,0.6626
Costa Rica,Subjective well-being,2008,0.6952
Costa Rica,Subjective well-being,2009,0.7099
Costa Rica,Subjective well-being,2010,0.7012
Costa Rica,Subjective well-being,2011,0.6762
Costa Rica,Subjective well-being,2012,0.6762
Costa Rica,Subjective well-being,2013,0.6762
Costa Rica,Subjective well-being,2014,0.6488
Costa Rica,Subjective well-being,2015,0.6488
Costa Rica,Subjective well-being,2016,0.6488
Costa Rica,Subjective well-being,2017,0.6292
Costa Rica,Subjective well-being,2018,0.6292
Costa Rica,Subjective well-being,2019,0.6007
Costa Rica,Subjective well-being,2020,0.5616
Costa Rica,Subjective well-being,2021,0.5616
Costa Rica,Subjective well-being,2022,0.5681
Costa Rica,Subjective well-being,2023,0.5681
Costa Rica,Work and job quality,2006,0.5739
Costa Rica,Work and job quality,2007,0.5877
Costa Rica,Work and job quality,2008,0.5985
Costa Rica,Work and job quality,2009,0.6137
Costa Rica,Work and job quality,2010,0.5755
Costa Rica,Work and job quality,2011,0.572
Costa Rica,Work and job quality,2012,0.6952
Costa Rica,Work and job quality,2013,0.6694
Costa Rica,Work and job quality,2014,0.6701
Costa Rica,Work and job quality,2015,0.6429
Costa Rica,Work and job quality,2016,0.6082
Costa Rica,Work and job quality,2017,0.6053
Costa Rica,Work and job quality,2018,0.6311
Costa Rica,Work and job quality,2019,0.6069
Costa Rica,Work and job quality,2020,0.614
Costa Rica,Work and job quality,2021,0.6317
Costa Rica,Work and job quality,2022,0.6003
Costa Rica,Work and job quality,2023,0.5933
Czechia,Civic engagement,2006,0.6034
Czechia,Civic engagement,2007,0.6034
Czechia,Civic engagement,2008,0.6034
Czechia,Civic engagement,2009,0.6034
Czechia,Civic engagement,2010,0.6034
Czechia,Civic engagement,2011,0.6034
Czechia,Civic engagement,2012,0.6034
Czechia,Civic engagement,2013,0.6034
Czechia,Civic engagement,2014,0.54864
Czechia,Civic engagement,2015,0.49388000000000004
Czechia,Civic engagement,2016,0.43912
Czechia,Civic engagement,2017,0.38436000000000003
Czechia,Civic engagement,2018,0.3296
Czechia,Civic engagement,2019,0.33772
Czechia,Civic engagement,2020,0.34584
Czechia,Civic engagement,2021,0.35396
Czechia,Civic engagement,2022,0.36207999999999996
Czechia,Civic engagement,2023,0.3702
Czechia,Environmental quality,2006,0.9999
Czechia,Environmental quality,2007,0.9999
Czechia,Environmental quality,2008,0.9999
Czechia,Environmental quality,2009,0.9999
Czechia,Environmental quality,2010,1.0
Czechia,Environmental quality,2011,1.0
Czechia,Environmental quality,2012,0.9527
Czechia,Environmental quality,2013,1.0
Czechia,Environmental quality,2014,1.0
Czechia,Environmental quality,2015,0.9927
Czechia,Environmental quality,2016,1.0
Czechia,Environmental quality,2017,1.0
Czechia,Environmental quality,2018,0.9532
Czechia,Environmental quality,2019,1.0
Czechia,Environmental quality,2020,1.0
Czechia,Environmental quality,2021,1.0
Czechia,Environmental quality,2022,1.0
Czechia,Environmental quality,2023,1.0
Czechia,Health,2006,0.6048
Czechia,Health,2007,0.6167
Czechia,Health,2008,0.62
Czechia,Health,2009,0.6046
Czechia,Health,2010,0.6044
Czechia,Health,2011,0.6057
Czechia,Health,2012,0.6085
Czechia,Health,2013,0.61
Czechia,Health,2014,0.4704
Czechia,Health,2015,0.6077
Czechia,Health,2016,0.6166
Czechia,Health,2017,0.5967
Czechia,Health,2018,0.5982
Czechia,Health,2019,0.4884
Czechia,Health,2020,0.5972
Czechia,Health,2021,0.627
Czechia,Health,2022,0.59
Czechia,Health,2023,0.5822
Czechia,Housing,2006,0.2829
Czechia,Housing,2007,0.2943
Czechia,Housing,2008,0.3112
Czechia,Housing,2009,0.3191
Czechia,Housing,2010,0.3645
Czechia,Housing,2011,0.394
Czechia,Housing,2012,0.4176
Czechia,Housing,2013,0.3987
Czechia,Housing,2014,0.4352
Czechia,Housing,2015,0.3974
Czechia,Housing,2016,0.3104
Czechia,Housing,2017,0.3111
Czechia,Housing,2018,0.2933
Czechia,Housing,2019,0.3031
Czechia,Housing,2020,0.3153
Czechia,Housing,2021,0.3075
Czechia,Housing,2022,0.2595
Czechia,Housing,2023,0.2424
Czechia,Income and wealth,2006,0.2154
Czechia,Income and wealth,2007,0.1844
Czechia,Income and wealth,2008,0.208
Czechia,Income and wealth,2009,0.1912
Czechia,Income and wealth,2010,0.1969
Czechia,Income and wealth,2011,0.1858
Czechia,Income and wealth,2012,0.1874
Czechia,Income and wealth,2013,0.2054
Czechia,Income and wealth,2014,0.1882
Czechia,Income and wealth,2015,0.1847
Czechia,Income and wealth,2016,0.1534
Czechia,Income and wealth,2017,0.1686
Czechia,Income and wealth,2018,0.1338
Czechia,Income and wealth,2019,0.1368
Czechia,Income and wealth,2020,0.1275
Czechia,Income and wealth,2021,0.1342
Czechia,Income and wealth,2022,0.2615
Czechia,Income and wealth,2023,0.3353
Czechia,Knowledge and skills,2006,0.689
Czechia,Knowledge and skills,2007,0.6638666666666666
Czechia,Knowledge and skills,2008,0.6387333333333334
Czechia,Knowledge and skills,2009,0.6136
Czechia,Knowledge and skills,2010,0.5997333333333333
Czechia,Knowledge and skills,2011,0.5858666666666666
Czechia,Knowledge and skills,2012,0.572
Czechia,Knowledge and skills,2013,0.6212
Czechia,Knowledge and skills,2014,0.6704
Czechia,Knowledge and skills,2015,0.7196
Czechia,Knowledge and skills,2016,0.7011333333333334
Czechia,Knowledge and skills,2017,0.6826666666666666
Czechia,Knowledge and skills,2018,0.6642
Czechia,Knowledge and skills,2019,0.6562
Czechia,Knowledge and skills,2020,0.6482
Czechia,Knowledge and skills,2021,0.6402
Czechia,Knowledge and skills,2022,0.6322
Czechia,Knowledge and skills,2023,0.6322
Czechia,Safety,2006,0.5299
Czechia,Safety,2007,0.5301
Czechia,Safety,2008,0.8557
Czechia,Safety,2009,0.5908
Czechia,Safety,2010,0.5879
Czechia,Safety,2011,0.5696
Czechia,Safety,2012,0.5508
Czechia,Safety,2013,0.5744
Czechia,Safety,2014,0.6036
Czechia,Safety,2015,0.5917
Czechia,Safety,2016,0.5991
Czechia,Safety,2017,0.6945
Czechia,Safety,2018,0.6908
Czechia,Safety,2019,0.8821
Czechia,Safety,2020,0.7562
Czechia,Safety,2021,0.7562
Czechia,Safety,2022,0.721
Czechia,Safety,2023,0.7238
Czechia,Social connections,2006,0.8044
Czechia,Social connections,2007,0.8086
Czechia,Social connections,2008,0.8262
Czechia,Social connections,2009,0.8438
Czechia,Social connections,2010,0.8301
Czechia,Social connections,2011,0.8066
Czechia,Social connections,2012,0.8
Czechia,Social connections,2013,0.7293
Czechia,Social connections,2014,0.8027
Czechia,Social connections,2015,0.7959
Czechia,Social connections,2016,0.7959
Czechia,Social connections,2017,0.8253
Czechia,Social connections,2018,0.7903
Czechia,Social connections,2019,0.82565
Czechia,Social connections,2020,0.861
Czechia,Social connections,2021,0.861
Czechia,Social connections,2022,0.7882
Czechia,Social connections,2023,0.8397
Czechia,Subjective well-being,2006,0.6226
Czechia,Subjective well-being,2007,0.5951
Czechia,Subjective well-being,2008,0.60585
Czechia,Subjective well-being,2009,0.6166
Czechia,Subjective well-being,2010,0.631
Czechia,Subjective well-being,2011,0.6323
Czechia,Subjective well-being,2012,0.6323
Czechia,Subjective well-being,2013,0.6361
Czechia,Subjective well-being,2014,0.7162
Czechia,Subjective well-being,2015,0.7162
Czechia,Subjective well-being,2016,0.7162
Czechia,Subjective well-being,2017,0.7242
Czechia,Subjective well-being,2018,0.7189
Czechia,Subjective well-being,2019,0.70695
Czechia,Subjective well-being,2020,0.695
Czechia,Subjective well-being,2021,0.698
Czechia,Subjective well-being,2022,0.7109
Czechia,Subjective well-being,2023,0.6751
Czechia,Work and job quality,2006,0.6939
Czechia,Work and job quality,2007,0.7479
Czechia,Work and job quality,2008,0.7473
Czechia,Work and job quality,2009,0.7388
Czechia,Work and job quality,2010,0.6808
Czechia,Work and job quality,2011,0.7625
Czechia,Work and job quality,2012,0.7624
Czechia,Work and job quality,2013,0.7519
Czechia,Work and job quality,2014,0.8098
Czechia,Work and job quality,2015,0.7195
Czechia,Work and job quality,2016,0.8228
Czechia,Work and job quality,2017,0.7961
Czechia,Work and job quality,2018,0.7857
Czechia,Work and job quality,2019,0.8048
Czechia,Work and job quality,2020,0.8082
Czechia,Work and job quality,2021,0.8296
Czechia,Work and job quality,2022,0.7932
Czechia,Work and job quality,2023,0.7552
Czechia,Work-life balance,2006,0.4832
Czechia,Work-life balance,2007,0.4832
Czechia,Work-life balance,2008,0.4832
Czechia,Work-life balance,2009,0.4832
Czechia,Work-life balance,2010,0.4832
Czechia,Work-life balance,2011,0.4832
Czechia,Work-life balance,2012,0.4832
Czechia,Work-life balance,2013,0.4832
Czechia,Work-life balance,2014,0.47616
Czechia,Work-life balance,2015,0.46912000000000004
Czechia,Work-life balance,2016,0.46208
Czechia,Work-life balance,2017,0.45504
Czechia,Work-life balance,2018,0.448
Czechia,Work-life balance,2019,0.43567500000000003
Czechia,Work-life balance,2020,0.42335
Czechia,Work-life balance,2021,0.411025
Czechia,Work-life balance,2022,0.3987
Czechia,Work-life balance,2023,0.3987
Denmark,Civic engagement,2006,0.8681
Denmark,Civic engagement,2007,0.8681
Denmark,Civic engagement,2008,0.901075
Denmark,Civic engagement,2009,0.93405
Denmark,Civic engagement,2010,0.967025
Denmark,Civic engagement,2011,1.0
Denmark,Civic engagement,2012,0.9477
Denmark,Civic engagement,2013,0.8954
Denmark,Civic engagement,2014,0.8431
Denmark,Civic engagement,2015,0.7908
Denmark,Civic engagement,2016,0.822
Denmark,Civic engagement,2017,0.8532
Denmark,Civic engagement,2018,0.8844
Denmark,Civic engagement,2019,0.9156
Denmark,Civic engagement,2020,0.71625
Denmark,Civic engagement,2021,0.5169
Denmark,Civic engagement,2022,0.8605
Denmark,Civic engagement,2023,0.6271
Denmark,Environmental quality,2006,0.8966
Denmark,Environmental quality,2007,0.9195
Denmark,Environmental quality,2008,0.9337
Denmark,Environmental quality,2009,0.9369
Denmark,Environmental quality,2010,0.9646
Denmark,Environmental quality,2011,0.9614
Denmark,Environmental quality,2012,0.7733
Denmark,Environmental quality,2013,0.9775
Denmark,Environmental quality,2014,0.9803
Denmark,Environmental quality,2015,0.9812
Denmark,Environmental quality,2016,0.9902
Denmark,Environmental quality,2017,0.9906
Denmark,Environmental quality,2018,0.7802
Denmark,Environmental quality,2019,0.9878
Denmark,Environmental quality,2020,0.9919
Denmark,Environmental quality,2021,1.0
Denmark,Environmental quality,2022,1.0
Denmark,Environmental quality,2023,1.0
Denmark,Health,2006,0.6686
Denmark,Health,2007,0.6792
Denmark,Health,2008,0.666
Denmark,Health,2009,0.6468
Denmark,Health,2010,0.6443
Denmark,Health,2011,0.6595
Denmark,Health,2012,0.654
Denmark,Health,2013,0.6605
Denmark,Health,2014,0.5607
Denmark,Health,2015,0.6627
Denmark,Health,2016,0.6603
Denmark,Health,2017,0.6491
Denmark,Health,2018,0.6472
Denmark,Health,2019,0.616
Denmark,Health,2020,0.6568
Denmark,Health,2021,0.6629
Denmark,Health,2022,0.5783
Denmark,Health,2023,0.5988
Denmark,Housing,2006,0.4586
Denmark,Housing,2007,0.4769
Denmark,Housing,2008,0.4129
Denmark,Housing,2009,0.4272
Denmark,Housing,2010,0.5527
Denmark,Housing,2011,0.5581
Denmark,Housing,2012,0.5319
Denmark,Housing,2013,0.518
Denmark,Housing,2014,0.5067
Denmark,Housing,2015,0.4733
Denmark,Housing,2016,0.5096
Denmark,Housing,2017,0.4956
Denmark,Housing,2018,0.4528
Denmark,Housing,2019,0.4721
Denmark,Housing,2020,0.467
Denmark,Housing,2021,0.4273
Denmark,Housing,2022,0.4446
Denmark,Housing,2023,0.3371
Denmark,Income and wealth,2006,0.3051
Denmark,Income and wealth,2007,0.2762
Denmark,Income and wealth,2008,0.2757
Denmark,Income and wealth,2009,0.2967
Denmark,Income and wealth,2010,0.3112
Denmark,Income and wealth,2011,0.154
Denmark,Income and wealth,2012,0.1637
Denmark,Income and wealth,2013,0.179
Denmark,Income and wealth,2014,0.1673
Denmark,Income and wealth,2015,0.3334
Denmark,Income and wealth,2016,0.1699
Denmark,Income and wealth,2017,0.1913
Denmark,Income and wealth,2018,0.1677
Denmark,Income and wealth,2019,0.2354
Denmark,Income and wealth,2020,0.2782
Denmark,Income and wealth,2021,0.2687
Denmark,Income and wealth,2022,0.3082
Denmark,Income and wealth,2023,0.4296
Denmark,Knowledge and skills,2006,0.6856
Denmark,Knowledge and skills,2007,0.6825333333333333
Denmark,Knowledge and skills,2008,0.6794666666666667
Denmark,Knowledge and skills,2009,0.6764
Denmark,Knowledge and skills,2010,0.6572
Denmark,Knowledge and skills,2011,0.638
Denmark,Knowledge and skills,2012,0.6188
Denmark,Knowledge and skills,2013,0.6514333333333333
Denmark,Knowledge and skills,2014,0.6840666666666667
Denmark,Knowledge and skills,2015,0.7167
Denmark,Knowledge and skills,2016,0.6973666666666667
Denmark,Knowledge and skills,2017,0.6780333333333333
Denmark,Knowledge and skills,2018,0.6587
Denmark,Knowledge and skills,2019,0.6443749999999999
Denmark,Knowledge and skills,2020,0.63005
Denmark,Knowledge and skills,2021,0.6157250000000001
Denmark,Knowledge and skills,2022,0.6014
Denmark,Knowledge and skills,2023,0.6014
Denmark,Safety,2006,0.8894
Denmark,Safety,2007,0.8846
Denmark,Safety,2008,0.8612
Denmark,Safety,2009,0.8606
Denmark,Safety,2010,0.8456
Denmark,Safety,2011,0.8399
Denmark,Safety,2012,0.8147
Denmark,Safety,2013,0.8418
Denmark,Safety,2014,0.8181
Denmark,Safety,2015,0.8056
Denmark,Safety,2016,0.8037
Denmark,Safety,2017,0.8415
Denmark,Safety,2018,0.8428
Denmark,Safety,2019,0.8542
Denmark,Safety,2020,0.8618
Denmark,Safety,2021,0.864
Denmark,Safety,2022,0.8486
Denmark,Safety,2023,0.8486
Denmark,Social connections,2006,0.9273
Denmark,Social connections,2007,0.9142
Denmark,Social connections,2008,0.8907
Denmark,Social connections,2009,0.9125
Denmark,Social connections,2010,0.9155
Denmark,Social connections,2011,0.918
Denmark,Social connections,2012,0.9106
Denmark,Social connections,2013,0.8589
Denmark,Social connections,2014,0.9106
Denmark,Social connections,2015,0.9029
Denmark,Social connections,2016,0.9029
Denmark,Social connections,2017,0.891
Denmark,Social connections,2018,0.7722
Denmark,Social connections,2019,0.8658
Denmark,Social connections,2020,0.8562
Denmark,Social connections,2021,0.8562
Denmark,Social connections,2022,0.7337
Denmark,Social connections,2023,0.8533
Denmark,Subjective well-being,2006,0.8119
Denmark,Subjective well-being,2007,0.7357
Denmark,Subjective well-being,2008,0.7318
Denmark,Subjective well-being,2009,0.7632
Denmark,Subjective well-being,2010,0.7506
Denmark,Subjective well-being,2011,0.7278
Denmark,Subjective well-being,2012,0.7278
Denmark,Subjective well-being,2013,0.7947
Denmark,Subjective well-being,2014,0.7444
Denmark,Subjective well-being,2015,0.7444
Denmark,Subjective well-being,2016,0.7444
Denmark,Subjective well-being,2017,0.7561
Denmark,Subjective well-being,2018,0.7504
Denmark,Subjective well-being,2019,0.7256
Denmark,Subjective well-being,2020,0.7108
Denmark,Subjective well-being,2021,0.6828
Denmark,Subjective well-being,2022,0.6971
Denmark,Subjective well-being,2023,0.7063
Denmark,Work and job quality,2006,0.8162
Denmark,Work and job quality,2007,0.8499
Denmark,Work and job quality,2008,0.846
Denmark,Work and job quality,2009,0.8292
Denmark,Work and job quality,2010,0.693
Denmark,Work and job quality,2011,0.8072
Denmark,Work and job quality,2012,0.8122
Denmark,Work and job quality,2013,0.8419
Denmark,Work and job quality,2014,0.8403
Denmark,Work and job quality,2015,0.7209
Denmark,Work and job quality,2016,0.8264
Denmark,Work and job quality,2017,0.7883
Denmark,Work and job quality,2018,0.8039
Denmark,Work and job quality,2019,0.8328
Denmark,Work and job quality,2020,0.8342
Denmark,Work and job quality,2021,0.8264
Denmark,Work and job quality,2022,0.8101
Denmark,Work and job quality,2023,0.7928
Denmark,Work-life balance,2006,0.4853
Denmark,Work-life balance,2007,0.4853
Denmark,Work-life balance,2008,0.4853
Denmark,Work-life balance,2009,0.4853
Denmark,Work-life balance,2010,0.4853
Denmark,Work-life balance,2011,0.4853
Denmark,Work-life balance,2012,0.4853
Denmark,Work-life balance,2013,0.4853
Denmark,Work-life balance,2014,0.48498
Denmark,Work-life balance,2015,0.48466000000000004
Denmark,Work-life balance,2016,0.48434
Denmark,Work-life balance,2017,0.48402
Denmark,Work-life balance,2018,0.4837
Denmark,Work-life balance,2019,0.4707
Denmark,Work-life balance,2020,0.4577
Denmark,Work-life balance,2021,0.4447
Denmark,Work-life balance,2022,0.4317
Denmark,Work-life balance,2023,0.4317
Estonia,Civic engagement,2006,0.2159
Estonia,Civic engagement,2007,0.2159
Estonia,Civic engagement,2008,0.2159
Estonia,Civic engagement,2009,0.2159
Estonia,Civic engagement,2010,0.2159
Estonia,Civic engagement,2011,0.2159
Estonia,Civic engagement,2012,0.2159
Estonia,Civic engagement,2013,0.2159
Estonia,Civic engagement,2014,0.2159
Estonia,Civic engagement,2015,0.2159
Estonia,Civic engagement,2016,0.2159
Estonia,Civic engagement,2017,0.2159
Estonia,Civic engagement,2018,0.2159
Estonia,Civic engagement,2019,0.2159
Estonia,Civic engagement,2020,0.2159
Estonia,Civic engagement,2021,0.2159
Estonia,Civic engagement,2022,0.1801
Estonia,Civic engagement,2023,0.1443
Estonia,Environmental quality,2006,0.9924
Estonia,Environmental quality,2007,0.9922
Estonia,Environmental quality,2008,0.9927
Estonia,Environmental quality,2009,0.9939
Estonia,Environmental quality,2010,0.9974
Estonia,Environmental quality,2011,0.9963
Estonia,Environmental quality,2012,0.884
Estonia,Environmental quality,2013,0.9972
Estonia,Environmental quality,2014,0.9982
Estonia,Environmental quality,2015,0.9852
Estonia,Environmental quality,2016,0.9816
Estonia,Environmental quality,2017,0.8762
Estonia,Environmental quality,2018,0.8692
Estonia,Environmental quality,2019,0.9698
Estonia,Environmental quality,2020,0.8958
Estonia,Environmental quality,2021,1.0
Estonia,Environmental quality,2022,1.0
Estonia,Environmental quality,2023,1.0
Estonia,Health,2006,0.4799
Estonia,Health,2007,0.4855
Estonia,Health,2008,0.5006
Estonia,Health,2009,0.5023
Estonia,Health,2010,0.524
Estonia,Health,2011,0.5449
Estonia,Health,2012,0.5311
Estonia,Health,2013,0.5277
Estonia,Health,2014,0.4923
Estonia,Health,2015,0.5181
Estonia,Health,2016,0.5264
Estonia,Health,2017,0.5362
Estonia,Health,2018,0.5486
Estonia,Health,2019,0.5446
Estonia,Health,2020,0.5675
Estonia,Health,2021,0.5911
Estonia,Health,2022,0.5454
Estonia,Health,2023,0.5481
Estonia,Housing,2006,0.3531
Estonia,Housing,2007,0.4074
Estonia,Housing,2008,0.4596
Estonia,Housing,2009,0.4975
Estonia,Housing,2010,0.4843
Estonia,Housing,2011,0.6184
Estonia,Housing,2012,0.5706
Estonia,Housing,2013,0.4911
Estonia,Housing,2014,0.5402
Estonia,Housing,2015,0.5015
Estonia,Housing,2016,0.4933
Estonia,Housing,2017,0.5057
Estonia,Housing,2018,0.4906
Estonia,Housing,2019,0.5013
Estonia,Housing,2020,0.5427
Estonia,Housing,2021,0.4638
Estonia,Housing,2022,0.3474
Estonia,Housing,2023,0.2579
Estonia,Income and wealth,2006,0.1254
Estonia,Income and wealth,2007,0.1027
Estonia,Income and wealth,2008,0.1195
Estonia,Income and wealth,2009,0.179
Estonia,Income and wealth,2010,0.2256
Estonia,Income and wealth,2011,0.1998
Estonia,Income and wealth,2012,0.202
Estonia,Income and wealth,2013,0.3003
Estonia,Income and wealth,2014,0.3196
Estonia,Income and wealth,2015,0.3171
Estonia,Income and wealth,2016,0.2951
Estonia,Income and wealth,2017,0.408
Estonia,Income and wealth,2018,0.297
Estonia,Income and wealth,2019,0.2902
Estonia,Income and wealth,2020,0.2836
Estonia,Income and wealth,2021,0.3089
Estonia,Income and wealth,2022,0.1402
Estonia,Income and wealth,2023,0.0903
Estonia,Knowledge and skills,2006,0.7682
Estonia,Knowledge and skills,2007,0.7696333333333333
Estonia,Knowledge and skills,2008,0.7710666666666667
Estonia,Knowledge and skills,2009,0.7725
Estonia,Knowledge and skills,2010,0.7189
Estonia,Knowledge and skills,2011,0.6653
Estonia,Knowledge and skills,2012,0.6117
Estonia,Knowledge and skills,2013,0.6838333333333333
Estonia,Knowledge and skills,2014,0.7559666666666667
Estonia,Knowledge and skills,2015,0.8281
Estonia,Knowledge and skills,2016,0.8088666666666666
Estonia,Knowledge and skills,2017,0.7896333333333333
Estonia,Knowledge and skills,2018,0.7704
Estonia,Knowledge and skills,2019,0.75485
Estonia,Knowledge and skills,2020,0.7393000000000001
Estonia,Knowledge and skills,2021,0.72375
Estonia,Knowledge and skills,2022,0.7082
Estonia,Knowledge and skills,2023,0.7082
Estonia,Safety,2006,0.5751
Estonia,Safety,2007,0.5801
Estonia,Safety,2008,0.5859
Estonia,Safety,2009,0.6154
Estonia,Safety,2010,0.8681
Estonia,Safety,2011,0.5977
Estonia,Safety,2012,0.58
Estonia,Safety,2013,0.6047
Estonia,Safety,2014,0.6375
Estonia,Safety,2015,0.6306
Estonia,Safety,2016,0.632
Estonia,Safety,2017,0.7575
Estonia,Safety,2018,0.7516
Estonia,Safety,2019,0.8013
Estonia,Safety,2020,0.821
Estonia,Safety,2021,0.8254
Estonia,Safety,2022,0.7855
Estonia,Safety,2023,0.8339
Estonia,Social connections,2006,0.7924
Estonia,Social connections,2007,0.7966
Estonia,Social connections,2008,0.77
Estonia,Social connections,2009,0.5999
Estonia,Social connections,2010,0.69675
Estonia,Social connections,2011,0.7936
Estonia,Social connections,2012,0.7872
Estonia,Social connections,2013,0.6285
Estonia,Social connections,2014,0.8334
Estonia,Social connections,2015,0.8264
Estonia,Social connections,2016,0.8264
Estonia,Social connections,2017,0.8526
Estonia,Social connections,2018,0.7401
Estonia,Social connections,2019,0.842
Estonia,Social connections,2020,0.8585
Estonia,Social connections,2021,0.8585
Estonia,Social connections,2022,0.7287
Estonia,Social connections,2023,0.854
Estonia,Subjective well-being,2006,0.6792
Estonia,Subjective well-being,2007,0.6506
Estonia,Subjective well-being,2008,0.6372
Estonia,Subjective well-being,2009,0.6363
Estonia,Subjective well-being,2010,0.66045
Estonia,Subjective well-being,2011,0.6846
Estonia,Subjective well-being,2012,0.6846
Estonia,Subjective well-being,2013,0.5923
Estonia,Subjective well-being,2014,0.7416
Estonia,Subjective well-being,2015,0.7416
Estonia,Subjective well-being,2016,0.7416
Estonia,Subjective well-being,2017,0.799
Estonia,Subjective well-being,2018,0.716
Estonia,Subjective well-being,2019,0.8182
Estonia,Subjective well-being,2020,0.8254
Estonia,Subjective well-being,2021,0.7484
Estonia,Subjective well-being,2022,0.7469
Estonia,Subjective well-being,2023,0.7565
Estonia,Work and job quality,2006,0.7442
Estonia,Work and job quality,2007,0.7873
Estonia,Work and job quality,2008,0.7914
Estonia,Work and job quality,2009,0.6731
Estonia,Work and job quality,2010,0.574
Estonia,Work and job quality,2011,0.6918
Estonia,Work and job quality,2012,0.7486
Estonia,Work and job quality,2013,0.7583
Estonia,Work and job quality,2014,0.7961
Estonia,Work and job quality,2015,0.724
Estonia,Work and job quality,2016,0.8271
Estonia,Work and job quality,2017,0.8271
Estonia,Work and job quality,2018,0.7989
Estonia,Work and job quality,2019,0.8133
Estonia,Work and job quality,2020,0.8056
Estonia,Work and job quality,2021,0.8159
Estonia,Work and job quality,2022,0.7969
Estonia,Work and job quality,2023,0.7621
Estonia,Work-life balance,2006,0.4625
Estonia,Work-life balance,2007,0.4625
Estonia,Work-life balance,2008,0.4625
Estonia,Work-life balance,2009,0.4625
Estonia,Work-life balance,2010,0.4608
Estonia,Work-life balance,2011,0.4591
Estonia,Work-life balance,2012,0.45740000000000003
Estonia,Work-life balance,2013,0.4557
Estonia,Work-life balance,2014,0.44912
Estonia,Work-life balance,2015,0.44254
Estonia,Work-life balance,2016,0.43596
Estonia,Work-life balance,2017,0.42938
Estonia,Work-life balance,2018,0.4228
Estonia,Work-life balance,2019,0.41645
Estonia,Work-life balance,2020,0.4101
Estonia,Work-life balance,2021,0.40375
Estonia,Work-life balance,2022,0.3974
Estonia,Work-life balance,2023,0.3974
Finland,Civic engagement,2006,0.6107
Finland,Civic engagement,2007,0.6113
Finland,Civic engagement,2008,0.6119
Finland,Civic engagement,2009,0.6125
Finland,Civic engagement,2010,0.6131
Finland,Civic engagement,2011,0.6136999999999999
Finland,Civic engagement,2012,0.6143
Finland,Civic engagement,2013,0.5676
Finland,Civic engagement,2014,0.5208999999999999
Finland,Civic engagement,2015,0.47419999999999995
Finland,Civic engagement,2016,0.4275
Finland,Civic engagement,2017,0.3808
Finland,Civic engagement,2018,0.3341
Finland,Civic engagement,2019,0.32330000000000003
Finland,Civic engagement,2020,0.3125
Finland,Civic engagement,2021,0.3017
Finland,Civic engagement,2022,0.2519
Finland,Civic engagement,2023,0.2021
Finland,Environmental quality,2006,0.6666
Finland,Environmental quality,2007,0.6548
Finland,Environmental quality,2008,0.6213
Finland,Environmental quality,2009,0.676
Finland,Environmental quality,2010,0.8151
Finland,Environmental quality,2011,0.7873
Finland,Environmental quality,2012,0.852
Finland,Environmental quality,2013,0.6235
Finland,Environmental quality,2014,0.7518
Finland,Environmental quality,2015,0.5086
Finland,Environmental quality,2016,0.5
Finland,Environmental quality,2017,0.5
Finland,Environmental quality,2018,0.6667
Finland,Environmental quality,2019,0.5
Finland,Environmental quality,2020,0.5
Finland,Environmental quality,2021,1.0
Finland,Environmental quality,2022,1.0
Finland,Environmental quality,2023,1.0
Finland,Health,2006,0.5895
Finland,Health,2007,0.5909
Finland,Health,2008,0.5776
Finland,Health,2009,0.5642
Finland,Health,2010,0.5591
Finland,Health,2011,0.5764
Finland,Health,2012,0.5608
Finland,Health,2013,0.5517
Finland,Health,2014,0.4717
Finland,Health,2015,0.5843
Finland,Health,2016,0.593
Finland,Health,2017,0.5727
Finland,Health,2018,0.5608
Finland,Health,2019,0.5149
Finland,Health,2020,0.5672
Finland,Health,2021,0.5901
Finland,Health,2022,0.5681
Finland,Health,2023,0.5613
Finland,Housing,2006,0.416
Finland,Housing,2007,0.4534
Finland,Housing,2008,0.4663
Finland,Housing,2009,0.4909
Finland,Housing,2010,0.533
Finland,Housing,2011,0.5166
Finland,Housing,2012,0.5112
Finland,Housing,2013,0.5052
Finland,Housing,2014,0.5013
Finland,Housing,2015,0.4961
Finland,Housing,2016,0.4812
Finland,Housing,2017,0.4854
Finland,Housing,2018,0.4645
Finland,Housing,2019,0.4666
Finland,Housing,2020,0.4753
Finland,Housing,2021,0.4441
Finland,Housing,2022,0.4051
Finland,Housing,2023,0.2619
Finland,Income and wealth,2006,0.226
Finland,Income and wealth,2007,0.2286
Finland,Income and wealth,2008,0.23
Finland,Income and wealth,2009,0.2003
Finland,Income and wealth,2010,0.1825
Finland,Income and wealth,2011,0.1912
Finland,Income and wealth,2012,0.1843
Finland,Income and wealth,2013,0.1838
Finland,Income and wealth,2014,0.1819
Finland,Income and wealth,2015,0.1693
Finland,Income and wealth,2016,0.1941
Finland,Income and wealth,2017,0.18
Finland,Income and wealth,2018,0.1543
Finland,Income and wealth,2019,0.1732
Finland,Income and wealth,2020,0.1451
Finland,Income and wealth,2021,0.1493
Finland,Income and wealth,2022,0.1312
Finland,Income and wealth,2023,0.3658
Finland,Knowledge and skills,2006,0.9821
Finland,Knowledge and skills,2007,0.9812333333333333
Finland,Knowledge and skills,2008,0.9803666666666667
Finland,Knowledge and skills,2009,0.9795
Finland,Knowledge and skills,2010,0.8945000000000001
Finland,Knowledge and skills,2011,0.8095
Finland,Knowledge and skills,2012,0.7245
Finland,Knowledge and skills,2013,0.7363000000000001
Finland,Knowledge and skills,2014,0.7481
Finland,Knowledge and skills,2015,0.7599
Finland,Knowledge and skills,2016,0.7526333333333334
Finland,Knowledge and skills,2017,0.7453666666666666
Finland,Knowledge and skills,2018,0.7381
Finland,Knowledge and skills,2019,0.719875
Finland,Knowledge and skills,2020,0.70165
Finland,Knowledge and skills,2021,0.683425
Finland,Knowledge and skills,2022,0.6652
Finland,Knowledge and skills,2023,0.6652
Finland,Safety,2006,0.8485
Finland,Safety,2007,0.9487
Finland,Safety,2008,0.8266
Finland,Safety,2009,0.9455
Finland,Safety,2010,0.8359
Finland,Safety,2011,0.8246
Finland,Safety,2012,0.798
Finland,Safety,2013,0.8271
Finland,Safety,2014,0.8254
Finland,Safety,2015,0.808
Finland,Safety,2016,0.8104
Finland,Safety,2017,0.8523
Finland,Safety,2018,0.8521
Finland,Safety,2019,0.8591
Finland,Safety,2020,0.8597
Finland,Safety,2021,0.86
Finland,Safety,2022,0.8513
Finland,Safety,2023,0.852
Finland,Social connections,2006,0.9349
Finland,Social connections,2007,0.9179999999999999
Finland,Social connections,2008,0.9011
Finland,Social connections,2009,0.346
Finland,Social connections,2010,0.8881
Finland,Social connections,2011,0.8817
Finland,Social connections,2012,0.8746
Finland,Social connections,2013,0.8342
Finland,Social connections,2014,0.9044
Finland,Social connections,2015,0.8968
Finland,Social connections,2016,0.8968
Finland,Social connections,2017,0.9095
Finland,Social connections,2018,0.8575
Finland,Social connections,2019,0.8945
Finland,Social connections,2020,0.9055
Finland,Social connections,2021,0.9055
Finland,Social connections,2022,0.7719
Finland,Social connections,2023,0.9003
Finland,Subjective well-being,2006,0.8193
Finland,Subjective well-being,2007,0.80705
Finland,Subjective well-being,2008,0.7948
Finland,Subjective well-being,2009,0.76885
Finland,Subjective well-being,2010,0.7429
Finland,Subjective well-being,2011,0.7116
Finland,Subjective well-being,2012,0.7116
Finland,Subjective well-being,2013,0.808
Finland,Subjective well-being,2014,0.7885
Finland,Subjective well-being,2015,0.7885
Finland,Subjective well-being,2016,0.7885
Finland,Subjective well-being,2017,0.7934
Finland,Subjective well-being,2018,0.8301
Finland,Subjective well-being,2019,0.7793
Finland,Subjective well-being,2020,0.7773
Finland,Subjective well-being,2021,0.806
Finland,Subjective well-being,2022,0.7924
Finland,Subjective well-being,2023,0.7741
Finland,Work and job quality,2006,0.7456
Finland,Work and job quality,2007,0.7859
Finland,Work and job quality,2008,0.7964
Finland,Work and job quality,2009,0.7949
Finland,Work and job quality,2010,0.6889
Finland,Work and job quality,2011,0.8059
Finland,Work and job quality,2012,0.8129
Finland,Work and job quality,2013,0.8283
Finland,Work and job quality,2014,0.821
Finland,Work and job quality,2015,0.6854
Finland,Work and job quality,2016,0.7993
Finland,Work and job quality,2017,0.7468
Finland,Work and job quality,2018,0.8094
Finland,Work and job quality,2019,0.774
Finland,Work and job quality,2020,0.7946
Finland,Work and job quality,2021,0.7951
Finland,Work and job quality,2022,0.7708
Finland,Work and job quality,2023,0.7824
Finland,Work-life balance,2006,0.3898
Finland,Work-life balance,2007,0.3898
Finland,Work-life balance,2008,0.3898
Finland,Work-life balance,2009,0.3898
Finland,Work-life balance,2010,0.403325
Finland,Work-life balance,2011,0.41685
Finland,Work-life balance,2012,0.430375
Finland,Work-life balance,2013,0.4439
Finland,Work-life balance,2014,0.44212
Finland,Work-life balance,2015,0.44034
Finland,Work-life balance,2016,0.43856
Finland,Work-life balance,2017,0.43678
Finland,Work-life balance,2018,0.435
Finland,Work-life balance,2019,0.4299
Finland,Work-life balance,2020,0.4248
Finland,Work-life balance,2021,0.4197
Finland,Work-life balance,2022,0.4146
Finland,Work-life balance,2023,0.4146
France,Civic engagement,2006,0.8708
France,Civic engagement,2007,0.8708
France,Civic engagement,2008,0.8697400000000001
France,Civic engagement,2009,0.86868
France,Civic engagement,2010,0.8676200000000001
France,Civic engagement,2011,0.86656
France,Civic engagement,2012,0.8655
France,Civic engagement,2013,0.8362200000000001
France,Civic engagement,2014,0.80694
France,Civic engagement,2015,0.77766
France,Civic engagement,2016,0.7483799999999999
France,Civic engagement,2017,0.7191
France,Civic engagement,2018,0.6147
France,Civic engagement,2019,0.5103
France,Civic engagement,2020,0.4059
France,Civic engagement,2021,0.3015
France,Civic engagement,2022,0.7355
France,Civic engagement,2023,0.3184
France,Environmental quality,2006,0.9587
France,Environmental quality,2007,0.971
France,Environmental quality,2008,0.9732
France,Environmental quality,2009,0.9722
France,Environmental quality,2010,0.9854
France,Environmental quality,2011,0.9835
France,Environmental quality,2012,0.8013
France,Environmental quality,2013,0.9912
France,Environmental quality,2014,0.9917
France,Environmental quality,2015,0.9909
France,Environmental quality,2016,0.9958
France,Environmental quality,2017,0.9961
France,Environmental quality,2018,0.8022
France,Environmental quality,2019,0.9779
France,Environmental quality,2020,0.9966
France,Environmental quality,2021,0.9996
France,Environmental quality,2022,0.7982
France,Environmental quality,2023,0.9758
France,Health,2006,0.6663
France,Health,2007,0.6809
France,Health,2008,0.6602
France,Health,2009,0.6528
France,Health,2010,0.6443
France,Health,2011,0.6578
France,Health,2012,0.6541
France,Health,2013,0.6532
France,Health,2014,0.5704
France,Health,2015,0.6486
France,Health,2016,0.6501
France,Health,2017,0.6413
France,Health,2018,0.6473
France,Health,2019,0.6384
France,Health,2020,0.6578
France,Health,2021,0.6506
France,Health,2022,0.6295
France,Health,2023,0.6335
France,Housing,2006,0.3632
France,Housing,2007,0.4271
France,Housing,2008,0.4516
France,Housing,2009,0.4737
France,Housing,2010,0.5727
France,Housing,2011,0.574
France,Housing,2012,0.589
France,Housing,2013,0.5906
France,Housing,2014,0.5699
France,Housing,2015,0.4444
France,Housing,2016,0.445
France,Housing,2017,0.4405
France,Housing,2018,0.4323
France,Housing,2019,0.4467
France,Housing,2020,0.4188
France,Housing,2021,0.544
France,Housing,2022,0.523
France,Housing,2023,0.5827
France,Income and wealth,2006,0.445
France,Income and wealth,2007,0.4494
France,Income and wealth,2008,0.4416
France,Income and wealth,2009,0.5492
France,Income and wealth,2010,0.4945
France,Income and wealth,2011,0.4711
France,Income and wealth,2012,0.4539
France,Income and wealth,2013,0.444
France,Income and wealth,2014,0.4247
France,Income and wealth,2015,0.4409
France,Income and wealth,2016,0.4318
France,Income and wealth,2017,0.4167
France,Income and wealth,2018,0.4056
France,Income and wealth,2019,0.3999
France,Income and wealth,2020,0.2456
France,Income and wealth,2021,0.2561
France,Income and wealth,2022,0.4421
France,Income and wealth,2023,0.5666
France,Knowledge and skills,2006,0.6384
France,Knowledge and skills,2007,0.6465
France,Knowledge and skills,2008,0.6546
France,Knowledge and skills,2009,0.6627
France,Knowledge and skills,2010,0.5967333333333333
France,Knowledge and skills,2011,0.5307666666666666
France,Knowledge and skills,2012,0.4648
France,Knowledge and skills,2013,0.5401333333333334
France,Knowledge and skills,2014,0.6154666666666666
France,Knowledge and skills,2015,0.6908
France,Knowledge and skills,2016,0.6780666666666666
France,Knowledge and skills,2017,0.6653333333333333
France,Knowledge and skills,2018,0.6526
France,Knowledge and skills,2019,0.6356499999999999
France,Knowledge and skills,2020,0.6187
France,Knowledge and skills,2021,0.60175
France,Knowledge and skills,2022,0.5848
France,Knowledge and skills,2023,0.5848
France,Safety,2006,0.7534
France,Safety,2007,0.76
France,Safety,2008,0.7184
France,Safety,2009,0.6976
France,Safety,2010,0.6597
France,Safety,2011,0.6416
France,Safety,2012,0.6211
France,Safety,2013,0.646
France,Safety,2014,0.6321
France,Safety,2015,0.6222
France,Safety,2016,0.6232
France,Safety,2017,0.6878
France,Safety,2018,0.6886
France,Safety,2019,0.6996
France,Safety,2020,0.7169
France,Safety,2021,0.6713
France,Safety,2022,0.6804
France,Safety,2023,0.6797
France,Social connections,2006,0.8846
France,Social connections,2007,0.8892
France,Social connections,2008,0.8612
France,Social connections,2009,0.7307
France,Social connections,2010,0.8328
France,Social connections,2011,0.8242
France,Social connections,2012,0.8175
France,Social connections,2013,0.7248
France,Social connections,2014,0.762
France,Social connections,2015,0.7556
France,Social connections,2016,0.7556
France,Social connections,2017,0.8014
France,Social connections,2018,0.7271
France,Social connections,2019,0.779
France,Social connections,2020,0.7728
France,Social connections,2021,0.7728
France,Social connections,2022,0.6155
France,Social connections,2023,0.7025
France,Subjective well-being,2006,0.6212
France,Subjective well-being,2007,0.5877
France,Subjective well-being,2008,0.5063
France,Subjective well-being,2009,0.5348
France,Subjective well-being,2010,0.5637
France,Subjective well-being,2011,0.5867
France,Subjective well-being,2012,0.5867
France,Subjective well-being,2013,0.6434
France,Subjective well-being,2014,0.6679
France,Subjective well-being,2015,0.6679
France,Subjective well-being,2016,0.6679
France,Subjective well-being,2017,0.6885
France,Subjective well-being,2018,0.6965
France,Subjective well-being,2019,0.6739
France,Subjective well-being,2020,0.6768
France,Subjective well-being,2021,0.6333
France,Subjective well-being,2022,0.645
France,Subjective well-being,2023,0.6442
France,Work and job quality,2006,0.6858
France,Work and job quality,2007,0.7645
France,Work and job quality,2008,0.7636
France,Work and job quality,2009,0.76
France,Work and job quality,2010,0.6967
France,Work and job quality,2011,0.7823
France,Work and job quality,2012,0.7867
France,Work and job quality,2013,0.754
France,Work and job quality,2014,0.772
France,Work and job quality,2015,0.6995
France,Work and job quality,2016,0.7848
France,Work and job quality,2017,0.7386
France,Work and job quality,2018,0.6941
France,Work and job quality,2019,0.6951
France,Work and job quality,2020,0.7028
France,Work and job quality,2021,0.7631
France,Work and job quality,2022,0.7223
France,Work and job quality,2023,0.6815
France,Work-life balance,2006,0.5503
France,Work-life balance,2007,0.5503
France,Work-life balance,2008,0.5503
France,Work-life balance,2009,0.5503
France,Work-life balance,2010,0.5282250000000001
France,Work-life balance,2011,0.50615
France,Work-life balance,2012,0.48407500000000003
France,Work-life balance,2013,0.462
France,Work-life balance,2014,0.45418000000000003
France,Work-life balance,2015,0.44636000000000003
France,Work-life balance,2016,0.43854
France,Work-life balance,2017,0.43072
France,Work-life balance,2018,0.4229
France,Work-life balance,2019,0.424725
France,Work-life balance,2020,0.42655
France,Work-life balance,2021,0.428375
France,Work-life balance,2022,0.4302
France,Work-life balance,2023,0.4302
Germany,Civic engagement,2006,0.5448
Germany,Civic engagement,2007,0.5448
Germany,Civic engagement,2008,0.5448
Germany,Civic engagement,2009,0.5448
Germany,Civic engagement,2010,0.56175
Germany,Civic engagement,2011,0.5787
Germany,Civic engagement,2012,0.59565
Germany,Civic engagement,2013,0.6126
Germany,Civic engagement,2014,0.6728000000000001
Germany,Civic engagement,2015,0.7330000000000001
Germany,Civic engagement,2016,0.7932
Germany,Civic engagement,2017,0.8534
Germany,Civic engagement,2018,0.8347
Germany,Civic engagement,2019,0.8160000000000001
Germany,Civic engagement,2020,0.7973
Germany,Civic engagement,2021,0.7786
Germany,Civic engagement,2022,0.5878
Germany,Civic engagement,2023,0.397
Germany,Environmental quality,2006,0.9977
Germany,Environmental quality,2007,0.9982
Germany,Environmental quality,2008,0.9985
Germany,Environmental quality,2009,0.9986
Germany,Environmental quality,2010,0.9992
Germany,Environmental quality,2011,0.9991
Germany,Environmental quality,2012,0.8415
Germany,Environmental quality,2013,0.9995
Germany,Environmental quality,2014,0.9996
Germany,Environmental quality,2015,0.9996
Germany,Environmental quality,2016,0.9998
Germany,Environmental quality,2017,0.9998
Germany,Environmental quality,2018,0.8381
Germany,Environmental quality,2019,0.9997
Germany,Environmental quality,2020,0.9998
Germany,Environmental quality,2021,1.0
Germany,Environmental quality,2022,1.0
Germany,Environmental quality,2023,1.0
Germany,Health,2006,0.6138
Germany,Health,2007,0.6196
Germany,Health,2008,0.6289
Germany,Health,2009,0.6202
Germany,Health,2010,0.621
Germany,Health,2011,0.6301
Germany,Health,2012,0.6335
Germany,Health,2013,0.6268
Germany,Health,2014,0.5739
Germany,Health,2015,0.6239
Germany,Health,2016,0.6325
Germany,Health,2017,0.6196
Germany,Health,2018,0.6209
Germany,Health,2019,0.5916
Germany,Health,2020,0.6616
Germany,Health,2021,0.6585
Germany,Health,2022,0.6252
Germany,Health,2023,0.598
Germany,Housing,2006,0.3791
Germany,Housing,2007,0.4473
Germany,Housing,2008,0.4537
Germany,Housing,2009,0.4899
Germany,Housing,2010,0.5255
Germany,Housing,2011,0.5253
Germany,Housing,2012,0.5132
Germany,Housing,2013,0.5458
Germany,Housing,2014,0.5054
Germany,Housing,2015,0.435
Germany,Housing,2016,0.4245
Germany,Housing,2017,0.4343
Germany,Housing,2018,0.4189
Germany,Housing,2019,0.4278
Germany,Housing,2020,0.5394
Germany,Housing,2021,0.464
Germany,Housing,2022,0.488
Germany,Housing,2023,0.5628
Germany,Income and wealth,2006,0.3993
Germany,Income and wealth,2007,0.373
Germany,Income and wealth,2008,0.3011
Germany,Income and wealth,2009,0.397
Germany,Income and wealth,2010,0.398
Germany,Income and wealth,2011,0.3241
Germany,Income and wealth,2012,0.2696
Germany,Income and wealth,2013,0.2881
Germany,Income and wealth,2014,0.3571
Germany,Income and wealth,2015,0.2957
Germany,Income and wealth,2016,0.2977
Germany,Income and wealth,2017,0.3682
Germany,Income and wealth,2018,0.2675
Germany,Income and wealth,2019,0.3063
Germany,Income and wealth,2020,0.3046
Germany,Income and wealth,2021,0.3283
Germany,Income and wealth,2022,0.3675
Germany,Income and wealth,2023,0.4897
Germany,Knowledge and skills,2006,0.7068
Germany,Knowledge and skills,2007,0.7205333333333334
Germany,Knowledge and skills,2008,0.7342666666666666
Germany,Knowledge and skills,2009,0.748
Germany,Knowledge and skills,2010,0.7010333333333333
Germany,Knowledge and skills,2011,0.6540666666666667
Germany,Knowledge and skills,2012,0.6071
Germany,Knowledge and skills,2013,0.6565
Germany,Knowledge and skills,2014,0.7059
Germany,Knowledge and skills,2015,0.7553
Germany,Knowledge and skills,2016,0.7406333333333334
Germany,Knowledge and skills,2017,0.7259666666666666
Germany,Knowledge and skills,2018,0.7113
Germany,Knowledge and skills,2019,0.685875
Germany,Knowledge and skills,2020,0.66045
Germany,Knowledge and skills,2021,0.6350250000000001
Germany,Knowledge and skills,2022,0.6096
Germany,Knowledge and skills,2023,0.6096
Germany,Safety,2006,0.7894
Germany,Safety,2007,0.7718
Germany,Safety,2008,0.7612
Germany,Safety,2009,0.7715
Germany,Safety,2010,0.7616
Germany,Safety,2011,0.7648
Germany,Safety,2012,0.7394
Germany,Safety,2013,0.7677
Germany,Safety,2014,0.7045
Germany,Safety,2015,0.6932
Germany,Safety,2016,0.696
Germany,Safety,2017,0.6844
Germany,Safety,2018,0.6838
Germany,Safety,2019,0.6888
Germany,Safety,2020,0.7052
Germany,Safety,2021,0.6603
Germany,Safety,2022,0.6977
Germany,Safety,2023,0.6884
Germany,Social connections,2006,0.8922
Germany,Social connections,2007,0.883
Germany,Social connections,2008,0.856
Germany,Social connections,2009,0.8584
Germany,Social connections,2010,0.8501
Germany,Social connections,2011,0.8525
Germany,Social connections,2012,0.8
Germany,Social connections,2013,0.6608
Germany,Social connections,2014,0.8201
Germany,Social connections,2015,0.8132
Germany,Social connections,2016,0.8132
Germany,Social connections,2017,0.7658
Germany,Social connections,2018,0.6517
Germany,Social connections,2019,0.728
Germany,Social connections,2020,0.7163
Germany,Social connections,2021,0.7163
Germany,Social connections,2022,0.6688
Germany,Social connections,2023,0.7341
Germany,Subjective well-being,2006,0.7294
Germany,Subjective well-being,2007,0.6779
Germany,Subjective well-being,2008,0.6733
Germany,Subjective well-being,2009,0.691
Germany,Subjective well-being,2010,0.7037
Germany,Subjective well-being,2011,0.705
Germany,Subjective well-being,2012,0.705
Germany,Subjective well-being,2013,0.7032
Germany,Subjective well-being,2014,0.7347
Germany,Subjective well-being,2015,0.7347
Germany,Subjective well-being,2016,0.7347
Germany,Subjective well-being,2017,0.7536
Germany,Subjective well-being,2018,0.7148
Germany,Subjective well-being,2019,0.753
Germany,Subjective well-being,2020,0.7515
Germany,Subjective well-being,2021,0.6837
Germany,Subjective well-being,2022,0.5603
Germany,Subjective well-being,2023,0.6779
Germany,Work and job quality,2006,0.702
Germany,Work and job quality,2007,0.7123
Germany,Work and job quality,2008,0.7281
Germany,Work and job quality,2009,0.7625
Germany,Work and job quality,2010,0.7053
Germany,Work and job quality,2011,0.808
Germany,Work and job quality,2012,0.8258
Germany,Work and job quality,2013,0.7634
Germany,Work and job quality,2014,0.8439
Germany,Work and job quality,2015,0.7444
Germany,Work and job quality,2016,0.8406
Germany,Work and job quality,2017,0.8226
Germany,Work and job quality,2018,0.7708
Germany,Work and job quality,2019,0.8342
Germany,Work and job quality,2020,0.8221
Germany,Work and job quality,2021,0.8411
Germany,Work and job quality,2022,0.819
Germany,Work and job quality,2023,0.7616
Germany,Work-life balance,2006,0.4749
Germany,Work-life balance,2007,0.4749
Germany,Work-life balance,2008,0.4749
Germany,Work-life balance,2009,0.4749
Germany,Work-life balance,2010,0.4749
Germany,Work-life balance,2011,0.4749
Germany,Work-life balance,2012,0.4749
Germany,Work-life balance,2013,0.5556
Germany,Work-life balance,2014,0.54458
Germany,Work-life balance,2015,0.5335599999999999
Germany,Work-life balance,2016,0.52254
Germany,Work-life balance,2017,0.51152
Germany,Work-life balance,2018,0.5005
Germany,Work-life balance,2019,0.48532499999999995
Germany,Work-life balance,2020,0.47014999999999996
Germany,Work-life balance,2021,0.454975
Germany,Work-life balance,2022,0.4398
Germany,Work-life balance,2023,0.4398
Greece,Civic engagement,2006,0.6671
Greece,Civic engagement,2007,0.6671
Greece,Civic engagement,2008,0.60755
Greece,Civic engagement,2009,0.548
Greece,Civic engagement,2010,0.5268666666666667
Greece,Civic engagement,2011,0.5057333333333334
Greece,Civic engagement,2012,0.4846
Greece,Civic engagement,2013,0.5693333333333334
Greece,Civic engagement,2014,0.6540666666666667
Greece,Civic engagement,2015,0.7388
Greece,Civic engagement,2016,0.70535
Greece,Civic engagement,2017,0.6718999999999999
Greece,Civic engagement,2018,0.63845
Greece,Civic engagement,2019,0.605
Greece,Civic engagement,2020,0.5095
Greece,Civic engagement,2021,0.414
Greece,Civic engagement,2022,0.3185
Greece,Civic engagement,2023,0.223
Greece,Environmental quality,2006,0.9408
Greece,Environmental quality,2007,0.4691
Greece,Environmental quality,2008,0.7522
Greece,Environmental quality,2009,0.956
Greece,Environmental quality,2010,0.6272
Greece,Environmental quality,2011,0.9793
Greece,Environmental quality,2012,0.5134
Greece,Environmental quality,2013,0.9475
Greece,Environmental quality,2014,0.4926
Greece,Environmental quality,2015,0.96
Greece,Environmental quality,2016,0.9682
Greece,Environmental quality,2017,0.6697
Greece,Environmental quality,2018,0.8445
Greece,Environmental quality,2019,0.8954
Greece,Environmental quality,2020,0.9778
Greece,Environmental quality,2021,0.0
Greece,Environmental quality,2022,0.8978
Greece,Environmental quality,2023,0.0805
Greece,Health,2006,0.6717
Greece,Health,2007,0.6665
Greece,Health,2008,0.6695
Greece,Health,2009,0.6582
Greece,Health,2010,0.6576
Greece,Health,2011,0.6696
Greece,Health,2012,0.6552
Greece,Health,2013,0.6689
Greece,Health,2014,0.5578
Greece,Health,2015,0.7059
Greece,Health,2016,0.718
Greece,Health,2017,0.7003
Greece,Health,2018,0.7113
Greece,Health,2019,0.5293
Greece,Health,2020,0.7007
Greece,Health,2021,0.6634
Greece,Health,2022,0.6574
Greece,Health,2023,0.6501
Greece,Housing,2006,0.3698
Greece,Housing,2007,0.3994
Greece,Housing,2008,0.4244
Greece,Housing,2009,0.4767
Greece,Housing,2010,0.5654
Greece,Housing,2011,0.5598
Greece,Housing,2012,0.5878
Greece,Housing,2013,0.6506
Greece,Housing,2014,0.6868
Greece,Housing,2015,0.6409
Greece,Housing,2016,0.6343
Greece,Housing,2017,0.5717
Greece,Housing,2018,0.5269
Greece,Housing,2019,0.5001
Greece,Housing,2020,0.4755
Greece,Housing,2021,0.4845
Greece,Housing,2022,0.522
Greece,Housing,2023,0.9212
Greece,Income and wealth,2006,0.7267
Greece,Income and wealth,2007,0.6128
Greece,Income and wealth,2008,0.6249
Greece,Income and wealth,2009,0.4306
Greece,Income and wealth,2010,0.5534
Greece,Income and wealth,2011,0.5402
Greece,Income and wealth,2012,0.5249
Greece,Income and wealth,2013,0.5219
Greece,Income and wealth,2014,0.4762
Greece,Income and wealth,2015,0.5227
Greece,Income and wealth,2016,0.4939
Greece,Income and wealth,2017,0.462
Greece,Income and wealth,2018,0.3833
Greece,Income and wealth,2019,0.4409
Greece,Income and wealth,2020,0.4614
Greece,Income and wealth,2021,0.4329
Greece,Income and wealth,2022,0.5967
Greece,Income and wealth,2023,1.0
Greece,Knowledge and skills,2006,0.4743
Greece,Knowledge and skills,2007,0.48466666666666663
Greece,Knowledge and skills,2008,0.4950333333333333
Greece,Knowledge and skills,2009,0.5054
Greece,Knowledge and skills,2010,0.4968333333333333
Greece,Knowledge and skills,2011,0.4882666666666667
Greece,Knowledge and skills,2012,0.4797
Greece,Knowledge and skills,2013,0.5491
Greece,Knowledge and skills,2014,0.6185
Greece,Knowledge and skills,2015,0.574
Greece,Knowledge and skills,2016,0.5381333333333334
Greece,Knowledge and skills,2017,0.5022666666666666
Greece,Knowledge and skills,2018,0.4664
Greece,Knowledge and skills,2019,0.43565
Greece,Knowledge and skills,2020,0.4049
Greece,Knowledge and skills,2021,0.37415
Greece,Knowledge and skills,2022,0.3434
Greece,Knowledge and skills,2023,0.3434
Greece,Safety,2006,0.6014
Greece,Safety,2007,0.5733
Greece,Safety,2008,0.7732
Greece,Safety,2009,0.5084
Greece,Safety,2010,0.4474
Greece,Safety,2011,0.386
Greece,Safety,2012,0.3799
Greece,Safety,2013,0.3974
Greece,Safety,2014,0.4503
Greece,Safety,2015,0.4447
Greece,Safety,2016,0.444
Greece,Safety,2017,0.4907
Greece,Safety,2018,0.4912
Greece,Safety,2019,0.5059
Greece,Safety,2020,0.5603
Greece,Safety,2021,0.4922
Greece,Safety,2022,0.5157
Greece,Safety,2023,0.5138
Greece,Social connections,2006,0.6218
Greece,Social connections,2007,0.6165
Greece,Social connections,2008,0.6069
Greece,Social connections,2009,0.5973
Greece,Social connections,2010,0.5985
Greece,Social connections,2011,0.56
Greece,Social connections,2012,0.566
Greece,Social connections,2013,0.3841
Greece,Social connections,2014,0.5726
Greece,Social connections,2015,0.5678
Greece,Social connections,2016,0.5678
Greece,Social connections,2017,0.5716
Greece,Social connections,2018,0.5249
Greece,Social connections,2019,0.518
Greece,Social connections,2020,0.5201
Greece,Social connections,2021,0.5201
Greece,Social connections,2022,0.5109
Greece,Social connections,2023,0.5511
Greece,Subjective well-being,2006,0.6498
Greece,Subjective well-being,2007,0.629
Greece,Subjective well-being,2008,0.5915
Greece,Subjective well-being,2009,0.554
Greece,Subjective well-being,2010,0.5233
Greece,Subjective well-being,2011,0.463
Greece,Subjective well-being,2012,0.463
Greece,Subjective well-being,2013,0.438
Greece,Subjective well-being,2014,0.5329
Greece,Subjective well-being,2015,0.5329
Greece,Subjective well-being,2016,0.5329
Greece,Subjective well-being,2017,0.5651
Greece,Subjective well-being,2018,0.5348
Greece,Subjective well-being,2019,0.581
Greece,Subjective well-being,2020,0.5661
Greece,Subjective well-being,2021,0.5619
Greece,Subjective well-being,2022,0.5646
Greece,Subjective well-being,2023,0.5696
Greece,Work and job quality,2006,0.6572
Greece,Work and job quality,2007,0.6908
Greece,Work and job quality,2008,0.6819
Greece,Work and job quality,2009,0.6637
Greece,Work and job quality,2010,0.6408
Greece,Work and job quality,2011,0.5877
Greece,Work and job quality,2012,0.495
Greece,Work and job quality,2013,0.4378
Greece,Work and job quality,2014,0.5144
Greece,Work and job quality,2015,0.5395
Greece,Work and job quality,2016,0.4793
Greece,Work and job quality,2017,0.5245
Greece,Work and job quality,2018,0.4692
Greece,Work and job quality,2019,0.5604
Greece,Work and job quality,2020,0.5732
Greece,Work and job quality,2021,0.6654
Greece,Work and job quality,2022,0.5921
Greece,Work and job quality,2023,0.5182
Greece,Work-life balance,2006,0.4571
Greece,Work-life balance,2007,0.4571
Greece,Work-life balance,2008,0.4571
Greece,Work-life balance,2009,0.4571
Greece,Work-life balance,2010,0.4571
Greece,Work-life balance,2011,0.4571
Greece,Work-life balance,2012,0.4571
Greece,Work-life balance,2013,0.4201
Greece,Work-life balance,2014,0.42485999999999996
Greece,Work-life balance,2015,0.42962
Greece,Work-life balance,2016,0.43438
Greece,Work-life balance,2017,0.43914000000000003
Greece,Work-life balance,2018,0.4439
Greece,Work-life balance,2019,0.46205
Greece,Work-life balance,2020,0.48019999999999996
Greece,Work-life balance,2021,0.49834999999999996
Greece,Work-life balance,2022,0.5165
Greece,Work-life balance,2023,0.5165
Hungary,Civic engagement,2006,0.4739
Hungary,Civic engagement,2007,0.482025
Hungary,Civic engagement,2008,0.49015
Hungary,Civic engagement,2009,0.49827499999999997
Hungary,Civic engagement,2010,0.5064
Hungary,Civic engagement,2011,0.49742499999999995
Hungary,Civic engagement,2012,0.48844999999999994
Hungary,Civic engagement,2013,0.479475
Hungary,Civic engagement,2014,0.4705
Hungary,Civic engagement,2015,0.471425
Hungary,Civic engagement,2016,0.47235
Hungary,Civic engagement,2017,0.473275
Hungary,Civic engagement,2018,0.4742
Hungary,Civic engagement,2019,0.510575
Hungary,Civic engagement,2020,0.54695
Hungary,Civic engagement,2021,0.583325
Hungary,Civic engagement,2022,0.6197
Hungary,Civic engagement,2023,0.6197
Hungary,Environmental quality,2006,0.9997
Hungary,Environmental quality,2007,0.9998
Hungary,Environmental quality,2008,0.9998
Hungary,Environmental quality,2009,0.9998
Hungary,Environmental quality,2010,0.9999
Hungary,Environmental quality,2011,0.9999
Hungary,Environmental quality,2012,0.5627
Hungary,Environmental quality,2013,0.9999
Hungary,Environmental quality,2014,0.9999
Hungary,Environmental quality,2015,0.7362
Hungary,Environmental quality,2016,1.0
Hungary,Environmental quality,2017,0.9995
Hungary,Environmental quality,2018,0.7857
Hungary,Environmental quality,2019,1.0
Hungary,Environmental quality,2020,1.0
Hungary,Environmental quality,2021,0.9068
Hungary,Environmental quality,2022,0.9057
Hungary,Environmental quality,2023,0.9993
Hungary,Health,2006,0.5377
Hungary,Health,2007,0.547
Hungary,Health,2008,0.5787
Hungary,Health,2009,0.5593
Hungary,Health,2010,0.5449
Hungary,Health,2011,0.5651
Hungary,Health,2012,0.5719
Hungary,Health,2013,0.5772
Hungary,Health,2014,0.5736
Hungary,Health,2015,0.5795
Hungary,Health,2016,0.5847
Hungary,Health,2017,0.5605
Hungary,Health,2018,0.5618
Hungary,Health,2019,0.4836
Hungary,Health,2020,0.5641
Hungary,Health,2021,0.572
Hungary,Health,2022,0.5677
Hungary,Health,2023,0.5309
Hungary,Housing,2006,0.4461
Hungary,Housing,2007,0.4399
Hungary,Housing,2008,0.4359
Hungary,Housing,2009,0.4478
Hungary,Housing,2010,0.3896
Hungary,Housing,2011,0.389
Hungary,Housing,2012,0.4016
Hungary,Housing,2013,0.4525
Hungary,Housing,2014,0.4445
Hungary,Housing,2015,0.4211
Hungary,Housing,2016,0.422
Hungary,Housing,2017,0.4393
Hungary,Housing,2018,0.5012
Hungary,Housing,2019,0.4997
Hungary,Housing,2020,0.4563
Hungary,Housing,2021,0.5542
Hungary,Housing,2022,0.5784
Hungary,Housing,2023,0.33
Hungary,Income and wealth,2006,0.2584
Hungary,Income and wealth,2007,0.2166
Hungary,Income and wealth,2008,0.2114
Hungary,Income and wealth,2009,0.2448
Hungary,Income and wealth,2010,0.2864
Hungary,Income and wealth,2011,0.2882
Hungary,Income and wealth,2012,0.2925
Hungary,Income and wealth,2013,0.2826
Hungary,Income and wealth,2014,0.2788
Hungary,Income and wealth,2015,0.2468
Hungary,Income and wealth,2016,0.2176
Hungary,Income and wealth,2017,0.3413
Hungary,Income and wealth,2018,0.2113
Hungary,Income and wealth,2019,0.23
Hungary,Income and wealth,2020,0.2103
Hungary,Income and wealth,2021,0.1588
Hungary,Income and wealth,2022,0.2594
Hungary,Income and wealth,2023,0.2726
Hungary,Knowledge and skills,2006,0.636
Hungary,Knowledge and skills,2007,0.6424333333333333
Hungary,Knowledge and skills,2008,0.6488666666666667
Hungary,Knowledge and skills,2009,0.6553
Hungary,Knowledge and skills,2010,0.6418333333333334
Hungary,Knowledge and skills,2011,0.6283666666666666
Hungary,Knowledge and skills,2012,0.6149
Hungary,Knowledge and skills,2013,0.5971
Hungary,Knowledge and skills,2014,0.5793
Hungary,Knowledge and skills,2015,0.5615
Hungary,Knowledge and skills,2016,0.6679999999999999
Hungary,Knowledge and skills,2017,0.7745
Hungary,Knowledge and skills,2018,0.5763
Hungary,Knowledge and skills,2019,0.5745
Hungary,Knowledge and skills,2020,0.5727
Hungary,Knowledge and skills,2021,0.5709000000000001
Hungary,Knowledge and skills,2022,0.5691
Hungary,Knowledge and skills,2023,0.5691
Hungary,Safety,2006,0.5819
Hungary,Safety,2007,0.5882
Hungary,Safety,2008,0.567
Hungary,Safety,2009,0.8701
Hungary,Safety,2010,0.492
Hungary,Safety,2011,0.4532
Hungary,Safety,2012,0.4402
Hungary,Safety,2013,0.4549
Hungary,Safety,2014,0.4211
Hungary,Safety,2015,0.4146
Hungary,Safety,2016,0.4176
Hungary,Safety,2017,0.5871
Hungary,Safety,2018,0.5859
Hungary,Safety,2019,0.6486
Hungary,Safety,2020,0.6862
Hungary,Safety,2021,0.6839
Hungary,Safety,2022,0.6782
Hungary,Safety,2023,0.6708
Hungary,Social connections,2006,0.857
Hungary,Social connections,2007,0.8615
Hungary,Social connections,2008,0.8211
Hungary,Social connections,2009,0.0835
Hungary,Social connections,2010,0.7705
Hungary,Social connections,2011,0.7654
Hungary,Social connections,2012,0.7591
Hungary,Social connections,2013,0.6159
Hungary,Social connections,2014,0.723
Hungary,Social connections,2015,0.7169
Hungary,Social connections,2016,0.7169
Hungary,Social connections,2017,0.8007
Hungary,Social connections,2018,0.6331
Hungary,Social connections,2019,0.821
Hungary,Social connections,2020,0.8445
Hungary,Social connections,2021,0.8445
Hungary,Social connections,2022,0.6773
Hungary,Social connections,2023,0.8447
Hungary,Subjective well-being,2006,0.5483
Hungary,Subjective well-being,2007,0.5204
Hungary,Subjective well-being,2008,0.5477
Hungary,Subjective well-being,2009,0.5356
Hungary,Subjective well-being,2010,0.5235
Hungary,Subjective well-being,2011,0.4529
Hungary,Subjective well-being,2012,0.4529
Hungary,Subjective well-being,2013,0.4172
Hungary,Subjective well-being,2014,0.6049
Hungary,Subjective well-being,2015,0.6049
Hungary,Subjective well-being,2016,0.6049
Hungary,Subjective well-being,2017,0.6541
Hungary,Subjective well-being,2018,0.5743
Hungary,Subjective well-being,2019,0.6507
Hungary,Subjective well-being,2020,0.6465
Hungary,Subjective well-being,2021,0.5763
Hungary,Subjective well-being,2022,0.613
Hungary,Subjective well-being,2023,0.6278
Hungary,Work and job quality,2006,0.7003
Hungary,Work and job quality,2007,0.7
Hungary,Work and job quality,2008,0.6677
Hungary,Work and job quality,2009,0.6863
Hungary,Work and job quality,2010,0.6384
Hungary,Work and job quality,2011,0.681
Hungary,Work and job quality,2012,0.6835
Hungary,Work and job quality,2013,0.6861
Hungary,Work and job quality,2014,0.7745
Hungary,Work and job quality,2015,0.7282
Hungary,Work and job quality,2016,0.802
Hungary,Work and job quality,2017,0.7733
Hungary,Work and job quality,2018,0.7391
Hungary,Work and job quality,2019,0.7924
Hungary,Work and job quality,2020,0.7971
Hungary,Work and job quality,2021,0.8246
Hungary,Work and job quality,2022,0.7972
Hungary,Work and job quality,2023,0.7596
Hungary,Work-life balance,2006,0.4683
Hungary,Work-life balance,2007,0.4683
Hungary,Work-life balance,2008,0.4683
Hungary,Work-life balance,2009,0.4683
Hungary,Work-life balance,2010,0.46655
Hungary,Work-life balance,2011,0.4648
Hungary,Work-life balance,2012,0.46304999999999996
Hungary,Work-life balance,2013,0.4613
Hungary,Work-life balance,2014,0.45208
Hungary,Work-life balance,2015,0.44286
Hungary,Work-life balance,2016,0.43364
Hungary,Work-life balance,2017,0.42442
Hungary,Work-life balance,2018,0.4152
Hungary,Work-life balance,2019,0.415375
Hungary,Work-life balance,2020,0.41555
Hungary,Work-life balance,2021,0.415725
Hungary,Work-life balance,2022,0.4159
Hungary,Work-life balance,2023,0.4159
Iceland,Civic engagement,2006,0.6068
Iceland,Civic engagement,2007,0.6068
Iceland,Civic engagement,2008,0.6068
Iceland,Civic engagement,2009,0.6068
Iceland,Civic engagement,2010,0.6068
Iceland,Civic engagement,2011,0.6068
Iceland,Civic engagement,2012,0.6068
Iceland,Civic engagement,2013,0.8348
Iceland,Civic engagement,2014,0.7718
Iceland,Civic engagement,2015,0.7088
Iceland,Civic engagement,2016,0.6458
Iceland,Civic engagement,2017,0.521225
Iceland,Civic engagement,2018,0.39665
Iceland,Civic engagement,2019,0.27207499999999996
Iceland,Civic engagement,2020,0.1475
Iceland,Civic engagement,2021,0.2348
Iceland,Civic engagement,2022,0.2563
Iceland,Civic engagement,2023,0.2778
Iceland,Environmental quality,2006,0.5
Iceland,Environmental quality,2007,0.5
Iceland,Environmental quality,2008,0.5
Iceland,Environmental quality,2009,0.5
Iceland,Environmental quality,2010,0.5
Iceland,Environmental quality,2011,0.5
Iceland,Environmental quality,2012,0.3333
Iceland,Environmental quality,2013,0.5
Iceland,Environmental quality,2014,0.5
Iceland,Environmental quality,2015,0.5
Iceland,Environmental quality,2016,0.6279
Iceland,Environmental quality,2017,0.7889
Iceland,Environmental quality,2018,0.3805
Iceland,Environmental quality,2019,0.586
Iceland,Environmental quality,2020,0.6899
Iceland,Environmental quality,2021,1.0
Iceland,Environmental quality,2022,1.0
Iceland,Environmental quality,2023,1.0
Iceland,Health,2006,0.6978
Iceland,Health,2007,0.6881
Iceland,Health,2008,0.6812
Iceland,Health,2009,0.679
Iceland,Health,2010,0.6668
Iceland,Health,2011,0.6906
Iceland,Health,2012,0.6734
Iceland,Health,2013,0.6625
Iceland,Health,2014,0.6112
Iceland,Health,2015,0.656
Iceland,Health,2016,0.668
Iceland,Health,2017,0.6527
Iceland,Health,2018,0.6655
Iceland,Health,2019,0.5968
Iceland,Health,2020,0.7699
Iceland,Health,2021,0.8062
Iceland,Health,2022,0.7931
Iceland,Health,2023,0.7442
Iceland,Housing,2006,0.5044
Iceland,Housing,2007,0.5014
Iceland,Housing,2008,0.4374
Iceland,Housing,2009,0.4535
Iceland,Housing,2010,0.5898
Iceland,Housing,2011,0.6051
Iceland,Housing,2012,0.598
Iceland,Housing,2013,0.6033
Iceland,Housing,2014,0.5983
Iceland,Housing,2015,0.531
Iceland,Housing,2016,0.4596
Iceland,Housing,2017,0.4802
Iceland,Housing,2018,0.526
Iceland,Housing,2019,0.4607
Iceland,Housing,2020,0.9247
Iceland,Housing,2021,0.8509
Iceland,Housing,2022,0.8509
Iceland,Housing,2023,0.8509
Iceland,Income and wealth,2006,0.1251
Iceland,Income and wealth,2007,0.1116
Iceland,Income and wealth,2008,0.1275
Iceland,Income and wealth,2009,0.0839
Iceland,Income and wealth,2010,0.1284
Iceland,Income and wealth,2011,0.1059
Iceland,Income and wealth,2012,0.1059
Iceland,Income and wealth,2013,0.0795
Iceland,Income and wealth,2014,0.1004
Iceland,Income and wealth,2015,0.0675
Iceland,Income and wealth,2016,0.0561
Iceland,Income and wealth,2017,0.04
Iceland,Income and wealth,2018,0.0762
Iceland,Income and wealth,2019,0.1108
Iceland,Income and wealth,2020,0.1108
Iceland,Income and wealth,2021,0.1108
Iceland,Income and wealth,2022,0.1108
Iceland,Income and wealth,2023,0.1108
Iceland,Knowledge and skills,2006,0.6423
Iceland,Knowledge and skills,2007,0.6579333333333334
Iceland,Knowledge and skills,2008,0.6735666666666666
Iceland,Knowledge and skills,2009,0.6892
Iceland,Knowledge and skills,2010,0.6573
Iceland,Knowledge and skills,2011,0.6254000000000001
Iceland,Knowledge and skills,2012,0.5935
Iceland,Knowledge and skills,2013,0.5931000000000001
Iceland,Knowledge and skills,2014,0.5927
Iceland,Knowledge and skills,2015,0.5923
Iceland,Knowledge and skills,2016,0.5941000000000001
Iceland,Knowledge and skills,2017,0.5959
Iceland,Knowledge and skills,2018,0.5977
Iceland,Knowledge and skills,2019,0.554025
Iceland,Knowledge and skills,2020,0.51035
Iceland,Knowledge and skills,2021,0.466675
Iceland,Knowledge and skills,2022,0.423
Iceland,Knowledge and skills,2023,0.423
Iceland,Safety,2006,0.899
Iceland,Safety,2007,0.9947
Iceland,Safety,2008,0.8367
Iceland,Safety,2009,0.9416
Iceland,Safety,2010,0.9936
Iceland,Safety,2011,0.972
Iceland,Safety,2012,0.8463
Iceland,Safety,2013,0.874
Iceland,Safety,2014,0.9953
Iceland,Safety,2015,0.8597
Iceland,Safety,2016,0.86
Iceland,Safety,2017,0.8691
Iceland,Safety,2018,0.8852
Iceland,Safety,2019,0.8611
Iceland,Safety,2020,0.8716
Iceland,Safety,2021,0.8708
Iceland,Safety,2022,0.843
Iceland,Safety,2023,0.8651
Iceland,Social connections,2006,0.9495
Iceland,Social connections,2007,0.9495
Iceland,Social connections,2008,0.9495
Iceland,Social connections,2009,0.949725
Iceland,Social connections,2010,0.9499500000000001
Iceland,Social connections,2011,0.950175
Iceland,Social connections,2012,0.9504
Iceland,Social connections,2013,0.8274
Iceland,Social connections,2014,0.89445
Iceland,Social connections,2015,0.9615
Iceland,Social connections,2016,0.9615
Iceland,Social connections,2017,0.9543
Iceland,Social connections,2018,0.7516
Iceland,Social connections,2019,0.9507
Iceland,Social connections,2020,0.9578
Iceland,Social connections,2021,0.9578
Iceland,Social connections,2022,0.9578
Iceland,Social connections,2023,0.9578
Iceland,Subjective well-being,2006,0.7142
Iceland,Subjective well-being,2007,0.7142
Iceland,Subjective well-being,2008,0.7142
Iceland,Subjective well-being,2009,0.7021499999999999
Iceland,Subjective well-being,2010,0.6900999999999999
Iceland,Subjective well-being,2011,0.67805
Iceland,Subjective well-being,2012,0.666
Iceland,Subjective well-being,2013,0.7686
Iceland,Subjective well-being,2014,0.7295499999999999
Iceland,Subjective well-being,2015,0.6905
Iceland,Subjective well-being,2016,0.6905
Iceland,Subjective well-being,2017,0.708
Iceland,Subjective well-being,2018,0.8623
Iceland,Subjective well-being,2019,0.6713
Iceland,Subjective well-being,2020,0.6655
Iceland,Subjective well-being,2021,0.6655
Iceland,Subjective well-being,2022,0.6169
Iceland,Subjective well-being,2023,0.6169
Iceland,Work and job quality,2006,0.8042
Iceland,Work and job quality,2007,0.8926
Iceland,Work and job quality,2008,0.8869
Iceland,Work and job quality,2009,0.8763
Iceland,Work and job quality,2010,0.8252
Iceland,Work and job quality,2011,0.8642
Iceland,Work and job quality,2012,0.8687
Iceland,Work and job quality,2013,0.8792
Iceland,Work and job quality,2014,0.8499
Iceland,Work and job quality,2015,0.778
Iceland,Work and job quality,2016,0.9013
Iceland,Work and job quality,2017,0.872
Iceland,Work and job quality,2018,0.8406
Iceland,Work and job quality,2019,0.8569
Iceland,Work and job quality,2020,0.8374
Iceland,Work and job quality,2021,0.8563
Iceland,Work and job quality,2022,0.8749
Iceland,Work and job quality,2023,0.8881
Iceland,Work-life balance,2006,0.4944
Iceland,Work-life balance,2007,0.4944
Iceland,Work-life balance,2008,0.4944
Iceland,Work-life balance,2009,0.4944
Iceland,Work-life balance,2010,0.4944
Iceland,Work-life balance,2011,0.4944
Iceland,Work-life balance,2012,0.4944
Iceland,Work-life balance,2013,0.4944
Iceland,Work-life balance,2014,0.48812
Iceland,Work-life balance,2015,0.48184
Iceland,Work-life balance,2016,0.47556000000000004
Iceland,Work-life balance,2017,0.46928000000000003
Iceland,Work-life balance,2018,0.463
Iceland,Work-life balance,2019,0.463
Iceland,Work-life balance,2020,0.463
Iceland,Work-life balance,2021,0.463
Iceland,Work-life balance,2022,0.463
Iceland,Work-life balance,2023,0.463
Ireland,Civic engagement,2006,0.5523
Ireland,Civic engagement,2007,0.5523
Ireland,Civic engagement,2008,0.5493250000000001
Ireland,Civic engagement,2009,0.54635
Ireland,Civic engagement,2010,0.5433749999999999
Ireland,Civic engagement,2011,0.5404
Ireland,Civic engagement,2012,0.59892
Ireland,Civic engagement,2013,0.65744
Ireland,Civic engagement,2014,0.7159599999999999
Ireland,Civic engagement,2015,0.77448
Ireland,Civic engagement,2016,0.833
Ireland,Civic engagement,2017,0.6247499999999999
Ireland,Civic engagement,2018,0.4165
Ireland,Civic engagement,2019,0.20825
Ireland,Civic engagement,2020,0.0
Ireland,Civic engagement,2021,0.414
Ireland,Civic engagement,2022,0.41685
Ireland,Civic engagement,2023,0.4197
Ireland,Environmental quality,2006,0.9906
Ireland,Environmental quality,2007,0.9927
Ireland,Environmental quality,2008,0.994
Ireland,Environmental quality,2009,0.9944
Ireland,Environmental quality,2010,0.9969
Ireland,Environmental quality,2011,0.9966
Ireland,Environmental quality,2012,0.8614
Ireland,Environmental quality,2013,0.9981
Ireland,Environmental quality,2014,0.9983
Ireland,Environmental quality,2015,0.9984
Ireland,Environmental quality,2016,0.9991
Ireland,Environmental quality,2017,0.9992
Ireland,Environmental quality,2018,0.861
Ireland,Environmental quality,2019,0.999
Ireland,Environmental quality,2020,0.9992
Ireland,Environmental quality,2021,1.0
Ireland,Environmental quality,2022,1.0
Ireland,Environmental quality,2023,1.0
Ireland,Health,2006,0.6407
Ireland,Health,2007,0.6919
Ireland,Health,2008,0.6893
Ireland,Health,2009,0.6744
Ireland,Health,2010,0.6812
Ireland,Health,2011,0.6803
Ireland,Health,2012,0.6801
Ireland,Health,2013,0.6817
Ireland,Health,2014,0.5744
Ireland,Health,2015,0.6897
Ireland,Health,2016,0.6827
Ireland,Health,2017,0.6749
Ireland,Health,2018,0.6924
Ireland,Health,2019,0.562
Ireland,Health,2020,0.6789
Ireland,Health,2021,0.6766
Ireland,Health,2022,0.6615
Ireland,Health,2023,0.6136
Ireland,Housing,2006,0.313
Ireland,Housing,2007,0.3651
Ireland,Housing,2008,0.3998
Ireland,Housing,2009,0.4952
Ireland,Housing,2010,0.5428
Ireland,Housing,2011,0.5696
Ireland,Housing,2012,0.5916
Ireland,Housing,2013,0.5706
Ireland,Housing,2014,0.5781
Ireland,Housing,2015,0.5504
Ireland,Housing,2016,0.5388
Ireland,Housing,2017,0.5459
Ireland,Housing,2018,0.5022
Ireland,Housing,2019,0.5334
Ireland,Housing,2020,0.5629
Ireland,Housing,2021,0.5229
Ireland,Housing,2022,0.5012
Ireland,Housing,2023,0.4568
Ireland,Income and wealth,2006,0.4834
Ireland,Income and wealth,2007,0.3286
Ireland,Income and wealth,2008,0.3253
Ireland,Income and wealth,2009,0.3039
Ireland,Income and wealth,2010,0.3115
Ireland,Income and wealth,2011,0.3123
Ireland,Income and wealth,2012,0.3037
Ireland,Income and wealth,2013,0.3797
Ireland,Income and wealth,2014,0.2852
Ireland,Income and wealth,2015,0.2824
Ireland,Income and wealth,2016,0.2576
Ireland,Income and wealth,2017,0.256
Ireland,Income and wealth,2018,0.3426
Ireland,Income and wealth,2019,0.2231
Ireland,Income and wealth,2020,0.2018
Ireland,Income and wealth,2021,0.2284
Ireland,Income and wealth,2022,0.3154
Ireland,Income and wealth,2023,0.3901
Ireland,Knowledge and skills,2006,0.7322
Ireland,Knowledge and skills,2007,0.7097
Ireland,Knowledge and skills,2008,0.6871999999999999
Ireland,Knowledge and skills,2009,0.6647
Ireland,Knowledge and skills,2010,0.5939
Ireland,Knowledge and skills,2011,0.5231
Ireland,Knowledge and skills,2012,0.4523
Ireland,Knowledge and skills,2013,0.5505
Ireland,Knowledge and skills,2014,0.6487
Ireland,Knowledge and skills,2015,0.7469
Ireland,Knowledge and skills,2016,0.7249
Ireland,Knowledge and skills,2017,0.7029
Ireland,Knowledge and skills,2018,0.6809
Ireland,Knowledge and skills,2019,0.6734249999999999
Ireland,Knowledge and skills,2020,0.66595
Ireland,Knowledge and skills,2021,0.658475
Ireland,Knowledge and skills,2022,0.651
Ireland,Knowledge and skills,2023,0.651
Ireland,Safety,2006,0.7216
Ireland,Safety,2007,0.9534
Ireland,Safety,2008,0.6803
Ireland,Safety,2009,0.6911
Ireland,Safety,2010,0.6852
Ireland,Safety,2011,0.6901
Ireland,Safety,2012,0.6678
Ireland,Safety,2013,0.6884
Ireland,Safety,2014,0.6951
Ireland,Safety,2015,0.6882
Ireland,Safety,2016,0.6874
Ireland,Safety,2017,0.7257
Ireland,Safety,2018,0.7277
Ireland,Safety,2019,0.7212
Ireland,Safety,2020,0.7075
Ireland,Safety,2021,0.6622
Ireland,Safety,2022,0.7051
Ireland,Safety,2023,0.6946
Ireland,Social connections,2006,0.9436
Ireland,Social connections,2007,0.94245
Ireland,Social connections,2008,0.9413
Ireland,Social connections,2009,0.9472
Ireland,Social connections,2010,0.9408
Ireland,Social connections,2011,0.9358
Ireland,Social connections,2012,0.9282
Ireland,Social connections,2013,0.8852
Ireland,Social connections,2014,0.9102
Ireland,Social connections,2015,0.9026
Ireland,Social connections,2016,0.9026
Ireland,Social connections,2017,0.8528
Ireland,Social connections,2018,0.853
Ireland,Social connections,2019,0.7892
Ireland,Social connections,2020,0.7539
Ireland,Social connections,2021,0.7539
Ireland,Social connections,2022,0.7735
Ireland,Social connections,2023,0.7625
Ireland,Subjective well-being,2006,0.8633
Ireland,Subjective well-being,2007,0.8353999999999999
Ireland,Subjective well-being,2008,0.8075
Ireland,Subjective well-being,2009,0.7759
Ireland,Subjective well-being,2010,0.7689
Ireland,Subjective well-being,2011,0.7513
Ireland,Subjective well-being,2012,0.7513
Ireland,Subjective well-being,2013,0.7442
Ireland,Subjective well-being,2014,0.7991
Ireland,Subjective well-being,2015,0.7991
Ireland,Subjective well-being,2016,0.7991
Ireland,Subjective well-being,2017,0.8345
Ireland,Subjective well-being,2018,0.837
Ireland,Subjective well-being,2019,0.8051
Ireland,Subjective well-being,2020,0.7949
Ireland,Subjective well-being,2021,0.7315
Ireland,Subjective well-being,2022,0.7508
Ireland,Subjective well-being,2023,0.776
Ireland,Work and job quality,2006,0.7753
Ireland,Work and job quality,2007,0.8416
Ireland,Work and job quality,2008,0.8
Ireland,Work and job quality,2009,0.7571
Ireland,Work and job quality,2010,0.6207
Ireland,Work and job quality,2011,0.696
Ireland,Work and job quality,2012,0.7166
Ireland,Work and job quality,2013,0.7324
Ireland,Work and job quality,2014,0.7797
Ireland,Work and job quality,2015,0.7046
Ireland,Work and job quality,2016,0.813
Ireland,Work and job quality,2017,0.7668
Ireland,Work and job quality,2018,0.7902
Ireland,Work and job quality,2019,0.7749
Ireland,Work and job quality,2020,0.7775
Ireland,Work and job quality,2021,0.8113
Ireland,Work and job quality,2022,0.8054
Ireland,Work and job quality,2023,0.771
Ireland,Work-life balance,2006,0.5101
Ireland,Work-life balance,2007,0.5101
Ireland,Work-life balance,2008,0.5101
Ireland,Work-life balance,2009,0.5101
Ireland,Work-life balance,2010,0.5101
Ireland,Work-life balance,2011,0.5101
Ireland,Work-life balance,2012,0.5101
Ireland,Work-life balance,2013,0.5101
Ireland,Work-life balance,2014,0.49906
Ireland,Work-life balance,2015,0.48802
Ireland,Work-life balance,2016,0.47698
Ireland,Work-life balance,2017,0.46594
Ireland,Work-life balance,2018,0.4549
Ireland,Work-life balance,2019,0.44225000000000003
Ireland,Work-life balance,2020,0.4296
Ireland,Work-life balance,2021,0.41695
Ireland,Work-life balance,2022,0.4043
Ireland,Work-life balance,2023,0.4043
Israel,Civic engagement,2006,0.3891
Israel,Civic engagement,2007,0.39536666666666664
Israel,Civic engagement,2008,0.40163333333333334
Israel,Civic engagement,2009,0.4079
Israel,Civic engagement,2010,0.4448
Israel,Civic engagement,2011,0.4817
Israel,Civic engagement,2012,0.5186
Israel,Civic engagement,2013,0.5555
Israel,Civic engagement,2014,0.64785
Israel,Civic engagement,2015,0.7402
Israel,Civic engagement,2016,0.7413
Israel,Civic engagement,2017,0.7424
Israel,Civic engagement,2018,0.7435
Israel,Civic engagement,2019,0.7446
Israel,Civic engagement,2020,0.3111
Israel,Civic engagement,2021,0.6015
Israel,Civic engagement,2022,0.6369
Israel,Civic engagement,2023,0.6369
Israel,Environmental quality,2006,0.6619
Israel,Environmental quality,2007,0.6349
Israel,Environmental quality,2008,0.4972
Israel,Environmental quality,2009,0.5069
Israel,Environmental quality,2010,0.4966
Israel,Environmental quality,2011,0.5811
Israel,Environmental quality,2012,0.55
Israel,Environmental quality,2013,0.955
Israel,Environmental quality,2014,0.609
Israel,Environmental quality,2015,0.4984
Israel,Environmental quality,2016,0.5702
Israel,Environmental quality,2017,0.4992
Israel,Environmental quality,2018,0.6335
Israel,Environmental quality,2019,0.505
Israel,Environmental quality,2020,0.4994
Israel,Environmental quality,2021,0.5242
Israel,Environmental quality,2022,0.585
Israel,Environmental quality,2023,0.0
Israel,Health,2006,0.8075
Israel,Health,2007,0.8005
Israel,Health,2008,0.8104
Israel,Health,2009,0.8006
Israel,Health,2010,0.7986
Israel,Health,2011,0.8082
Israel,Health,2012,0.7957
Israel,Health,2013,0.8157
Israel,Health,2014,0.8073
Israel,Health,2015,0.8106
Israel,Health,2016,0.8279
Israel,Health,2017,0.7123
Israel,Health,2018,0.7213
Israel,Health,2019,0.715
Israel,Health,2020,0.7152
Israel,Health,2021,0.7503
Israel,Health,2022,0.6938
Israel,Health,2023,0.6938
Israel,Income and wealth,2006,0.6075
Israel,Income and wealth,2007,0.6075
Israel,Income and wealth,2008,0.6075
Israel,Income and wealth,2009,0.6075
Israel,Income and wealth,2010,0.6075
Israel,Income and wealth,2011,0.6075
Israel,Income and wealth,2012,0.6099
Israel,Income and wealth,2013,0.6199
Israel,Income and wealth,2014,0.5975
Israel,Income and wealth,2015,0.6424
Israel,Income and wealth,2016,0.5419
Israel,Income and wealth,2017,0.5877
Israel,Income and wealth,2018,0.5195
Israel,Income and wealth,2019,0.5775
Israel,Income and wealth,2020,0.5032
Israel,Income and wealth,2021,0.5816
Israel,Income and wealth,2022,0.5816
Israel,Income and wealth,2023,0.5816
Israel,Knowledge and skills,2006,0.3638
Israel,Knowledge and skills,2007,0.3792
Israel,Knowledge and skills,2008,0.3946
Israel,Knowledge and skills,2009,0.41
Israel,Knowledge and skills,2010,0.4513
Israel,Knowledge and skills,2011,0.49260000000000004
Israel,Knowledge and skills,2012,0.5339
Israel,Knowledge and skills,2013,0.5908
Israel,Knowledge and skills,2014,0.6477
Israel,Knowledge and skills,2015,0.596
Israel,Knowledge and skills,2016,0.5961333333333333
Israel,Knowledge and skills,2017,0.5962666666666667
Israel,Knowledge and skills,2018,0.5964
Israel,Knowledge and skills,2019,0.5979000000000001
Israel,Knowledge and skills,2020,0.5994
Israel,Knowledge and skills,2021,0.6009
Israel,Knowledge and skills,2022,0.6024
Israel,Knowledge and skills,2023,0.6024
Israel,Safety,2006,0.7308
Israel,Safety,2007,0.7399
Israel,Safety,2008,0.7118
Israel,Safety,2009,0.6786
Israel,Safety,2010,0.6152
Israel,Safety,2011,0.57
Israel,Safety,2012,0.5579
Israel,Safety,2013,0.5746
Israel,Safety,2014,0.6062
Israel,Safety,2015,0.5958
Israel,Safety,2016,0.597
Israel,Safety,2017,0.6949
Israel,Safety,2018,0.6984
Israel,Safety,2019,0.7234
Israel,Safety,2020,0.7384
Israel,Safety,2021,0.7351
Israel,Safety,2022,0.7002
Israel,Safety,2023,0.7002
Israel,Social connections,2006,0.7522
Israel,Social connections,2007,0.7562
Israel,Social connections,2008,0.7374
Israel,Social connections,2009,0.7505
Israel,Social connections,2010,0.7423
Israel,Social connections,2011,0.7497
Israel,Social connections,2012,0.7436
Israel,Social connections,2013,0.7436
Israel,Social connections,2014,0.7152
Israel,Social connections,2015,0.7092
Israel,Social connections,2016,0.7092
Israel,Social connections,2017,0.7821
Israel,Social connections,2018,0.8009
Israel,Social connections,2019,0.8218
Israel,Social connections,2020,0.8351
Israel,Social connections,2021,0.7655
Israel,Social connections,2022,0.8495
Israel,Social connections,2023,0.8495
Israel,Subjective well-being,2006,0.4588
Israel,Subjective well-being,2007,0.4358
Israel,Subjective well-being,2008,0.3851
Israel,Subjective well-being,2009,0.3855
Israel,Subjective well-being,2010,0.4243
Israel,Subjective well-being,2011,0.4627
Israel,Subjective well-being,2012,0.4627
Israel,Subjective well-being,2013,0.4627
Israel,Subjective well-being,2014,0.5687
Israel,Subjective well-being,2015,0.5687
Israel,Subjective well-being,2016,0.5687
Israel,Subjective well-being,2017,0.5737
Israel,Subjective well-being,2018,0.5737
Israel,Subjective well-being,2019,0.6226
Israel,Subjective well-being,2020,0.6747
Israel,Subjective well-being,2021,0.7229
Israel,Subjective well-being,2022,0.6198
Israel,Subjective well-being,2023,0.6198
Israel,Work and job quality,2006,0.6496
Israel,Work and job quality,2007,0.6356
Israel,Work and job quality,2008,0.6637
Israel,Work and job quality,2009,0.6698
Israel,Work and job quality,2010,0.6841
Israel,Work and job quality,2011,0.6963
Israel,Work and job quality,2012,0.7435
Israel,Work and job quality,2013,0.7641
Israel,Work and job quality,2014,0.781
Israel,Work and job quality,2015,0.6769
Israel,Work and job quality,2016,0.7648
Israel,Work and job quality,2017,0.7567
Israel,Work and job quality,2018,0.7614
Israel,Work and job quality,2019,0.7389
Israel,Work and job quality,2020,0.7485
Israel,Work and job quality,2021,0.7537
Israel,Work and job quality,2022,0.7483
Israel,Work and job quality,2023,0.7661
Israel,Work-life balance,2006,0.3059
Israel,Work-life balance,2007,0.3059
Israel,Work-life balance,2008,0.3059
Israel,Work-life balance,2009,0.3059
Israel,Work-life balance,2010,0.3059
Israel,Work-life balance,2011,0.3059
Israel,Work-life balance,2012,0.3059
Israel,Work-life balance,2013,0.3059
Israel,Work-life balance,2014,0.3059
Israel,Work-life balance,2015,0.3059
Israel,Work-life balance,2016,0.3059
Israel,Work-life balance,2017,0.3059
Israel,Work-life balance,2018,0.3059
Israel,Work-life balance,2019,0.3059
Israel,Work-life balance,2020,0.3059
Israel,Work-life balance,2021,0.3059
Israel,Work-life balance,2022,0.3059
Israel,Work-life balance,2023,0.3059
Italy,Civic engagement,2006,0.8126
Italy,Civic engagement,2007,0.9063
Italy,Civic engagement,2008,1.0
Italy,Civic engagement,2009,0.93362
Italy,Civic engagement,2010,0.86724
Italy,Civic engagement,2011,0.80086
Italy,Civic engagement,2012,0.73448
Italy,Civic engagement,2013,0.6681
Italy,Civic engagement,2014,0.65696
Italy,Civic engagement,2015,0.6458200000000001
Italy,Civic engagement,2016,0.63468
Italy,Civic engagement,2017,0.6235400000000001
Italy,Civic engagement,2018,0.6124
Italy,Civic engagement,2019,0.59025
Italy,Civic engagement,2020,0.5681
Italy,Civic engagement,2021,0.54595
Italy,Civic engagement,2022,0.5238
Italy,Civic engagement,2023,0.2884
Italy,Environmental quality,2006,0.8708
Italy,Environmental quality,2007,0.8934
Italy,Environmental quality,2008,0.9076
Italy,Environmental quality,2009,0.919
Italy,Environmental quality,2010,0.9593
Italy,Environmental quality,2011,0.9512
Italy,Environmental quality,2012,0.7382
Italy,Environmental quality,2013,0.9747
Italy,Environmental quality,2014,0.978
Italy,Environmental quality,2015,0.9277
Italy,Environmental quality,2016,0.9892
Italy,Environmental quality,2017,0.9208
Italy,Environmental quality,2018,0.79
Italy,Environmental quality,2019,0.978
Italy,Environmental quality,2020,0.9882
Italy,Environmental quality,2021,0.9243
Italy,Environmental quality,2022,0.8477
Italy,Environmental quality,2023,0.9072
Italy,Health,2006,0.6324
Italy,Health,2007,0.6742
Italy,Health,2008,0.6728
Italy,Health,2009,0.6626
Italy,Health,2010,0.6675
Italy,Health,2011,0.705
Italy,Health,2012,0.7105
Italy,Health,2013,0.707
Italy,Health,2014,0.5569
Italy,Health,2015,0.7017
Italy,Health,2016,0.6961
Italy,Health,2017,0.6912
Italy,Health,2018,0.691
Italy,Health,2019,0.5518
Italy,Health,2020,0.8107
Italy,Health,2021,0.6849
Italy,Health,2022,0.647
Italy,Health,2023,0.6453
Italy,Housing,2006,0.3647
Italy,Housing,2007,0.3987
Italy,Housing,2008,0.4012
Italy,Housing,2009,0.4136
Italy,Housing,2010,0.4905
Italy,Housing,2011,0.4951
Italy,Housing,2012,0.4962
Italy,Housing,2013,0.5232
Italy,Housing,2014,0.4909
Italy,Housing,2015,0.4722
Italy,Housing,2016,0.4648
Italy,Housing,2017,0.4629
Italy,Housing,2018,0.4434
Italy,Housing,2019,0.4335
Italy,Housing,2020,0.4357
Italy,Housing,2021,0.3941
Italy,Housing,2022,0.3864
Italy,Housing,2023,0.4279
Italy,Income and wealth,2006,0.6802
Italy,Income and wealth,2007,0.5564
Italy,Income and wealth,2008,0.5614
Italy,Income and wealth,2009,0.4868
Italy,Income and wealth,2010,0.5199
Italy,Income and wealth,2011,0.4631
Italy,Income and wealth,2012,0.4463
Italy,Income and wealth,2013,0.4443
Italy,Income and wealth,2014,0.39
Italy,Income and wealth,2015,0.4614
Italy,Income and wealth,2016,0.376
Italy,Income and wealth,2017,0.4209
Italy,Income and wealth,2018,0.4095
Italy,Income and wealth,2019,0.3897
Italy,Income and wealth,2020,0.3651
Italy,Income and wealth,2021,0.3544
Italy,Income and wealth,2022,0.3621
Italy,Income and wealth,2023,0.4156
Italy,Knowledge and skills,2006,0.5
Italy,Knowledge and skills,2007,0.5296333333333333
Italy,Knowledge and skills,2008,0.5592666666666667
Italy,Knowledge and skills,2009,0.5889
Italy,Knowledge and skills,2010,0.5136333333333333
Italy,Knowledge and skills,2011,0.4383666666666667
Italy,Knowledge and skills,2012,0.3631
Italy,Knowledge and skills,2013,0.4654
Italy,Knowledge and skills,2014,0.5677
Italy,Knowledge and skills,2015,0.67
Italy,Knowledge and skills,2016,0.6429333333333334
Italy,Knowledge and skills,2017,0.6158666666666667
Italy,Knowledge and skills,2018,0.5888
Italy,Knowledge and skills,2019,0.5802499999999999
Italy,Knowledge and skills,2020,0.5717
Italy,Knowledge and skills,2021,0.56315
Italy,Knowledge and skills,2022,0.5546
Italy,Knowledge and skills,2023,0.5546
Italy,Safety,2006,0.6379
Italy,Safety,2007,0.6457
Italy,Safety,2008,0.5941
Italy,Safety,2009,0.6217
Italy,Safety,2010,0.579
Italy,Safety,2011,0.5476
Italy,Safety,2012,0.5296
Italy,Safety,2013,0.551
Italy,Safety,2014,0.474
Italy,Safety,2015,0.4682
Italy,Safety,2016,0.4701
Italy,Safety,2017,0.557
Italy,Safety,2018,0.5571
Italy,Safety,2019,0.596
Italy,Safety,2020,0.6368
Italy,Safety,2021,0.5767
Italy,Safety,2022,0.5859
Italy,Safety,2023,0.5835
Italy,Social connections,2006,0.8253
Italy,Social connections,2007,0.8296
Italy,Social connections,2008,0.7528
Italy,Social connections,2009,0.7782
Italy,Social connections,2010,0.777
Italy,Social connections,2011,0.7945
Italy,Social connections,2012,0.788
Italy,Social connections,2013,0.5763
Italy,Social connections,2014,0.8072
Italy,Social connections,2015,0.8004
Italy,Social connections,2016,0.8004
Italy,Social connections,2017,0.762
Italy,Social connections,2018,0.6833
Italy,Social connections,2019,0.6771
Italy,Social connections,2020,0.675
Italy,Social connections,2021,0.675
Italy,Social connections,2022,0.602
Italy,Social connections,2023,0.6478
Italy,Subjective well-being,2006,0.604
Italy,Subjective well-being,2007,0.5773
Italy,Subjective well-being,2008,0.6164
Italy,Subjective well-being,2009,0.6332
Italy,Subjective well-being,2010,0.6522
Italy,Subjective well-being,2011,0.6398
Italy,Subjective well-being,2012,0.6398
Italy,Subjective well-being,2013,0.6154
Italy,Subjective well-being,2014,0.6239
Italy,Subjective well-being,2015,0.6239
Italy,Subjective well-being,2016,0.6239
Italy,Subjective well-being,2017,0.5974
Italy,Subjective well-being,2018,0.6249
Italy,Subjective well-being,2019,0.6269
Italy,Subjective well-being,2020,0.6708
Italy,Subjective well-being,2021,0.678
Italy,Subjective well-being,2022,0.7011
Italy,Subjective well-being,2023,0.6522
Italy,Work and job quality,2006,0.6581
Italy,Work and job quality,2007,0.7173
Italy,Work and job quality,2008,0.691
Italy,Work and job quality,2009,0.6886
Italy,Work and job quality,2010,0.6307
Italy,Work and job quality,2011,0.7018
Italy,Work and job quality,2012,0.6914
Italy,Work and job quality,2013,0.6458
Italy,Work and job quality,2014,0.6618
Italy,Work and job quality,2015,0.6265
Italy,Work and job quality,2016,0.6835
Italy,Work and job quality,2017,0.6548
Italy,Work and job quality,2018,0.6304
Italy,Work and job quality,2019,0.6264
Italy,Work and job quality,2020,0.6441
Italy,Work and job quality,2021,0.6805
Italy,Work and job quality,2022,0.6157
Italy,Work and job quality,2023,0.5985
Italy,Work-life balance,2006,1.0
Italy,Work-life balance,2007,1.0
Italy,Work-life balance,2008,1.0
Italy,Work-life balance,2009,0.90122
Italy,Work-life balance,2010,0.80244
Italy,Work-life balance,2011,0.70366
Italy,Work-life balance,2012,0.60488
Italy,Work-life balance,2013,0.5061
Italy,Work-life balance,2014,0.47586
Italy,Work-life balance,2015,0.44562
Italy,Work-life balance,2016,0.41537999999999997
Italy,Work-life balance,2017,0.38514
Italy,Work-life balance,2018,0.3549
Italy,Work-life balance,2019,0.34585
Italy,Work-life balance,2020,0.3368
Italy,Work-life balance,2021,0.32775
Italy,Work-life balance,2022,0.3187
Italy,Work-life balance,2023,0.3187
Japan,Civic engagement,2006,0.3563
Japan,Civic engagement,2007,0.3563
Japan,Civic engagement,2008,0.40354999999999996
Japan,Civic engagement,2009,0.4508
Japan,Civic engagement,2010,0.3435
Japan,Civic engagement,2011,0.35715
Japan,Civic engagement,2012,0.3708
Japan,Civic engagement,2013,0.4001
Japan,Civic engagement,2014,0.2913
Japan,Civic engagement,2015,0.26925
Japan,Civic engagement,2016,0.2472
Japan,Civic engagement,2017,0.2277
Japan,Civic engagement,2018,0.3476
Japan,Civic engagement,2019,0.4675
Japan,Civic engagement,2020,0.4439
Japan,Civic engagement,2021,0.4203
Japan,Civic engagement,2022,0.2749
Japan,Civic engagement,2023,0.1602
Japan,Environmental quality,2006,0.9106
Japan,Environmental quality,2007,0.9307
Japan,Environmental quality,2008,0.9432
Japan,Environmental quality,2009,0.9462
Japan,Environmental quality,2010,0.9699
Japan,Environmental quality,2011,0.9674
Japan,Environmental quality,2012,0.9779
Japan,Environmental quality,2013,0.9813
Japan,Environmental quality,2014,0.9837
Japan,Environmental quality,2015,0.9846
Japan,Environmental quality,2016,0.992
Japan,Environmental quality,2017,0.9924
Japan,Environmental quality,2018,0.9176
Japan,Environmental quality,2019,0.9903
Japan,Environmental quality,2020,0.9936
Japan,Environmental quality,2021,1.0
Japan,Environmental quality,2022,1.0
Japan,Environmental quality,2023,0.8716
Japan,Health,2006,0.8031
Japan,Health,2007,0.5545
Japan,Health,2008,0.806
Japan,Health,2009,0.791
Japan,Health,2010,0.5218
Japan,Health,2011,0.7836
Japan,Health,2012,0.7998
Japan,Health,2013,0.5324
Japan,Health,2014,0.807
Japan,Health,2015,0.816
Japan,Health,2016,0.5575
Japan,Health,2017,0.8002
Japan,Health,2018,0.791
Japan,Health,2019,0.542
Japan,Health,2020,0.8074
Japan,Health,2021,0.8273
Japan,Health,2022,0.5108
Japan,Health,2023,0.5108
Japan,Housing,2006,0.5165
Japan,Housing,2007,0.5812
Japan,Housing,2008,0.5922
Japan,Housing,2009,0.607
Japan,Housing,2010,0.6705
Japan,Housing,2011,0.5852
Japan,Housing,2012,0.6248
Japan,Housing,2013,0.5323
Japan,Housing,2014,0.4235
Japan,Housing,2015,0.5049
Japan,Housing,2016,0.5981
Japan,Housing,2017,0.531
Japan,Housing,2018,0.5914
Japan,Housing,2019,0.5866
Japan,Housing,2020,0.6371
Japan,Housing,2021,0.5871
Japan,Housing,2022,0.5557
Japan,Housing,2023,0.5557
Japan,Income and wealth,2006,0.424
Japan,Income and wealth,2007,0.4295
Japan,Income and wealth,2008,0.412
Japan,Income and wealth,2009,0.4117
Japan,Income and wealth,2010,0.4223
Japan,Income and wealth,2011,0.422
Japan,Income and wealth,2012,0.4556
Japan,Income and wealth,2013,0.4531
Japan,Income and wealth,2014,0.2224
Japan,Income and wealth,2015,0.4245
Japan,Income and wealth,2016,0.4148
Japan,Income and wealth,2017,0.3924
Japan,Income and wealth,2018,0.4352
Japan,Income and wealth,2019,0.1915
Japan,Income and wealth,2020,0.3878
Japan,Income and wealth,2021,0.4384
Japan,Income and wealth,2022,0.3817
Japan,Income and wealth,2023,0.3817
Japan,Knowledge and skills,2006,0.7787
Japan,Knowledge and skills,2007,0.8130999999999999
Japan,Knowledge and skills,2008,0.8475
Japan,Knowledge and skills,2009,0.8819
Japan,Knowledge and skills,2010,0.8321333333333334
Japan,Knowledge and skills,2011,0.7823666666666667
Japan,Knowledge and skills,2012,0.7326
Japan,Knowledge and skills,2013,0.7874
Japan,Knowledge and skills,2014,0.8422000000000001
Japan,Knowledge and skills,2015,0.897
Japan,Knowledge and skills,2016,0.8464666666666667
Japan,Knowledge and skills,2017,0.7959333333333333
Japan,Knowledge and skills,2018,0.7454
Japan,Knowledge and skills,2019,0.75605
Japan,Knowledge and skills,2020,0.7666999999999999
Japan,Knowledge and skills,2021,0.77735
Japan,Knowledge and skills,2022,0.788
Japan,Knowledge and skills,2023,0.788
Japan,Safety,2006,0.6704
Japan,Safety,2007,0.6677
Japan,Safety,2008,0.6849
Japan,Safety,2009,0.7129
Japan,Safety,2010,0.7004
Japan,Safety,2011,0.6987
Japan,Safety,2012,0.6748
Japan,Safety,2013,0.6987
Japan,Safety,2014,0.6572
Japan,Safety,2015,0.6479
Japan,Safety,2016,0.6497
Japan,Safety,2017,0.7208
Japan,Safety,2018,0.7218
Japan,Safety,2019,0.7318
Japan,Safety,2020,0.7416
Japan,Safety,2021,0.7417
Japan,Safety,2022,0.7337
Japan,Safety,2023,0.7217
Japan,Social connections,2006,0.5178
Japan,Social connections,2007,0.8406
Japan,Social connections,2008,0.7938
Japan,Social connections,2009,0.7921
Japan,Social connections,2010,0.79
Japan,Social connections,2011,0.6345
Japan,Social connections,2012,0.8017
Japan,Social connections,2013,0.8017
Japan,Social connections,2014,0.7873
Japan,Social connections,2015,0.7807
Japan,Social connections,2016,0.5372
Japan,Social connections,2017,0.738
Japan,Social connections,2018,0.7557
Japan,Social connections,2019,0.6613
Japan,Social connections,2020,0.671
Japan,Social connections,2021,0.5238
Japan,Social connections,2022,0.6892
Japan,Social connections,2023,0.65
Japan,Subjective well-being,2006,0.8423
Japan,Subjective well-being,2007,0.7854
Japan,Subjective well-being,2008,0.7847
Japan,Subjective well-being,2009,0.8161
Japan,Subjective well-being,2010,0.8275
Japan,Subjective well-being,2011,0.83
Japan,Subjective well-being,2012,0.83
Japan,Subjective well-being,2013,0.83
Japan,Subjective well-being,2014,0.8194
Japan,Subjective well-being,2015,0.8194
Japan,Subjective well-being,2016,0.8194
Japan,Subjective well-being,2017,0.8321
Japan,Subjective well-being,2018,0.8321
Japan,Subjective well-being,2019,0.6068
Japan,Subjective well-being,2020,0.6131
Japan,Subjective well-being,2021,0.634
Japan,Subjective well-being,2022,0.606
Japan,Subjective well-being,2023,0.6066
Japan,Work and job quality,2006,0.7188
Japan,Work and job quality,2007,0.7629
Japan,Work and job quality,2008,0.7538
Japan,Work and job quality,2009,0.7535
Japan,Work and job quality,2010,0.7658
Japan,Work and job quality,2011,0.7739
Japan,Work and job quality,2012,0.7875
Japan,Work and job quality,2013,0.8055
Japan,Work and job quality,2014,0.8263
Japan,Work and job quality,2015,0.7121
Japan,Work and job quality,2016,0.8178
Japan,Work and job quality,2017,0.7613
Japan,Work and job quality,2018,0.7864
Japan,Work and job quality,2019,0.7806
Japan,Work and job quality,2020,0.7503
Japan,Work and job quality,2021,0.7801
Japan,Work and job quality,2022,0.7617
Japan,Work and job quality,2023,0.7498
Japan,Work-life balance,2006,0.699
Japan,Work-life balance,2007,0.699
Japan,Work-life balance,2008,0.699
Japan,Work-life balance,2009,0.699
Japan,Work-life balance,2010,0.699
Japan,Work-life balance,2011,0.699
Japan,Work-life balance,2012,0.6415799999999999
Japan,Work-life balance,2013,0.58416
Japan,Work-life balance,2014,0.52674
Japan,Work-life balance,2015,0.46931999999999996
Japan,Work-life balance,2016,0.4119
Japan,Work-life balance,2017,0.45302
Japan,Work-life balance,2018,0.49414
Japan,Work-life balance,2019,0.5352600000000001
Japan,Work-life balance,2020,0.57638
Japan,Work-life balance,2021,0.6175
Japan,Work-life balance,2022,0.6175
Japan,Work-life balance,2023,0.6175
Korea,Civic engagement,2006,0.4874
Korea,Civic engagement,2007,0.4874
Korea,Civic engagement,2008,0.53452
Korea,Civic engagement,2009,0.5816399999999999
Korea,Civic engagement,2010,0.62876
Korea,Civic engagement,2011,0.67588
Korea,Civic engagement,2012,0.723
Korea,Civic engagement,2013,0.6230249999999999
Korea,Civic engagement,2014,0.52305
Korea,Civic engagement,2015,0.423075
Korea,Civic engagement,2016,0.3231
Korea,Civic engagement,2017,0.6745
Korea,Civic engagement,2018,0.6837
Korea,Civic engagement,2019,0.6929000000000001
Korea,Civic engagement,2020,0.7021000000000001
Korea,Civic engagement,2021,0.7113
Korea,Civic engagement,2022,0.7435
Korea,Civic engagement,2023,0.547
Korea,Environmental quality,2006,0.8808
Korea,Environmental quality,2007,0.9075
Korea,Environmental quality,2008,0.9242
Korea,Environmental quality,2009,0.9281
Korea,Environmental quality,2010,0.9598
Korea,Environmental quality,2011,0.9563
Korea,Environmental quality,2012,0.9702
Korea,Environmental quality,2013,0.8724
Korea,Environmental quality,2014,0.978
Korea,Environmental quality,2015,0.979
Korea,Environmental quality,2016,0.9891
Korea,Environmental quality,2017,0.9896
Korea,Environmental quality,2018,0.7928
Korea,Environmental quality,2019,0.9866
Korea,Environmental quality,2020,0.9912
Korea,Environmental quality,2021,1.0
Korea,Environmental quality,2022,1.0
Korea,Environmental quality,2023,1.0
Korea,Health,2006,0.526
Korea,Health,2007,0.6987
Korea,Health,2008,0.5576
Korea,Health,2009,0.6391
Korea,Health,2010,0.5285
Korea,Health,2011,0.6402
Korea,Health,2012,0.5458
Korea,Health,2013,0.6817
Korea,Health,2014,0.5717
Korea,Health,2015,0.6975
Korea,Health,2016,0.5899
Korea,Health,2017,0.7049
Korea,Health,2018,0.5821
Korea,Health,2019,0.7055
Korea,Health,2020,0.5905
Korea,Health,2021,0.742
Korea,Health,2022,0.5751
Korea,Health,2023,0.5751
Korea,Housing,2006,0.9166
Korea,Housing,2007,0.9554
Korea,Housing,2008,0.9685
Korea,Housing,2009,1.0
Korea,Housing,2010,0.9248
Korea,Housing,2011,1.0
Korea,Housing,2012,0.6818
Korea,Housing,2013,1.0
Korea,Housing,2014,0.9599
Korea,Housing,2015,1.0
Korea,Housing,2016,1.0
Korea,Housing,2017,0.9331
Korea,Housing,2018,0.9443
Korea,Housing,2019,0.9546
Korea,Housing,2020,0.9607
Korea,Housing,2021,0.9675
Korea,Housing,2022,1.0
Korea,Housing,2023,1.0
Korea,Income and wealth,2006,0.1599
Korea,Income and wealth,2007,0.1898
Korea,Income and wealth,2008,0.2027
Korea,Income and wealth,2009,0.205
Korea,Income and wealth,2010,0.2298
Korea,Income and wealth,2011,0.5297
Korea,Income and wealth,2012,0.5197
Korea,Income and wealth,2013,0.508
Korea,Income and wealth,2014,0.4961
Korea,Income and wealth,2015,0.4179
Korea,Income and wealth,2016,0.4833
Korea,Income and wealth,2017,0.4956
Korea,Income and wealth,2018,0.4432
Korea,Income and wealth,2019,0.5016
Korea,Income and wealth,2020,0.3962
Korea,Income and wealth,2021,0.3936
Korea,Income and wealth,2022,0.3862
Korea,Income and wealth,2023,0.3862
Korea,Knowledge and skills,2006,0.92
Korea,Knowledge and skills,2007,0.9349333333333334
Korea,Knowledge and skills,2008,0.9498666666666666
Korea,Knowledge and skills,2009,0.9648
Korea,Knowledge and skills,2010,0.8207
Korea,Knowledge and skills,2011,0.6766
Korea,Knowledge and skills,2012,0.5325
Korea,Knowledge and skills,2013,0.6172333333333333
Korea,Knowledge and skills,2014,0.7019666666666666
Korea,Knowledge and skills,2015,0.7867
Korea,Knowledge and skills,2016,0.7785666666666666
Korea,Knowledge and skills,2017,0.7704333333333333
Korea,Knowledge and skills,2018,0.7623
Korea,Knowledge and skills,2019,0.770125
Korea,Knowledge and skills,2020,0.7779499999999999
Korea,Knowledge and skills,2021,0.785775
Korea,Knowledge and skills,2022,0.7936
Korea,Knowledge and skills,2023,0.7936
Korea,Safety,2006,0.5983
Korea,Safety,2007,0.6041
Korea,Safety,2008,0.5795
Korea,Safety,2009,0.5764
Korea,Safety,2010,0.5431
Korea,Safety,2011,0.5189
Korea,Safety,2012,0.4983
Korea,Safety,2013,0.5208
Korea,Safety,2014,0.5339
Korea,Safety,2015,0.5261
Korea,Safety,2016,0.5301
Korea,Safety,2017,0.6588
Korea,Safety,2018,0.6625
Korea,Safety,2019,0.7164
Korea,Safety,2020,0.7679
Korea,Safety,2021,0.7704
Korea,Safety,2022,0.7316
Korea,Safety,2023,0.7368
Korea,Social connections,2006,0.5183
Korea,Social connections,2007,0.5211
Korea,Social connections,2008,0.5049
Korea,Social connections,2009,0.4716
Korea,Social connections,2010,0.4894
Korea,Social connections,2011,0.4897
Korea,Social connections,2012,0.4858
Korea,Social connections,2013,0.4858
Korea,Social connections,2014,0.4002
Korea,Social connections,2015,0.4475
Korea,Social connections,2016,0.4475
Korea,Social connections,2017,0.4929
Korea,Social connections,2018,0.5048
Korea,Social connections,2019,0.4326
Korea,Social connections,2020,0.4469
Korea,Social connections,2021,0.4469
Korea,Social connections,2022,0.4409
Korea,Social connections,2023,0.4409
Korea,Subjective well-being,2006,0.5615
Korea,Subjective well-being,2007,0.5333
Korea,Subjective well-being,2008,0.5718
Korea,Subjective well-being,2009,0.6168
Korea,Subjective well-being,2010,0.6527
Korea,Subjective well-being,2011,0.6462
Korea,Subjective well-being,2012,0.6462
Korea,Subjective well-being,2013,0.4832
Korea,Subjective well-being,2014,0.4805
Korea,Subjective well-being,2015,0.4564
Korea,Subjective well-being,2016,0.4762
Korea,Subjective well-being,2017,0.4766
Korea,Subjective well-being,2018,0.4947
Korea,Subjective well-being,2019,0.5147
Korea,Subjective well-being,2020,0.5115
Korea,Subjective well-being,2021,0.5671
Korea,Subjective well-being,2022,0.5652
Korea,Subjective well-being,2023,0.6465
Korea,Work and job quality,2006,0.7096
Korea,Work and job quality,2007,0.759
Korea,Work and job quality,2008,0.7738
Korea,Work and job quality,2009,0.7761
Korea,Work and job quality,2010,0.7632
Korea,Work and job quality,2011,0.78
Korea,Work and job quality,2012,0.7903
Korea,Work and job quality,2013,0.8095
Korea,Work and job quality,2014,0.7914
Korea,Work and job quality,2015,0.7857
Korea,Work and job quality,2016,0.8038
Korea,Work and job quality,2017,0.7439
Korea,Work and job quality,2018,0.7322
Korea,Work and job quality,2019,0.7214
Korea,Work and job quality,2020,0.7108
Korea,Work and job quality,2021,0.7179
Korea,Work and job quality,2022,0.7168
Korea,Work and job quality,2023,0.7212
Korea,Work-life balance,2006,0.2202
Korea,Work-life balance,2007,0.2202
Korea,Work-life balance,2008,0.2202
Korea,Work-life balance,2009,0.2202
Korea,Work-life balance,2010,0.28952
Korea,Work-life balance,2011,0.35884
Korea,Work-life balance,2012,0.42816
Korea,Work-life balance,2013,0.49748
Korea,Work-life balance,2014,0.5668
Korea,Work-life balance,2015,0.5668
Korea,Work-life balance,2016,0.5668
Korea,Work-life balance,2017,0.5668
Korea,Work-life balance,2018,0.5668
Korea,Work-life balance,2019,0.5668
Korea,Work-life balance,2020,0.5668
Korea,Work-life balance,2021,0.5668
Korea,Work-life balance,2022,0.5668
Korea,Work-life balance,2023,0.5668
Latvia,Civic engagement,2006,0.3349
Latvia,Civic engagement,2007,0.379175
Latvia,Civic engagement,2008,0.42345
Latvia,Civic engagement,2009,0.467725
Latvia,Civic engagement,2010,0.512
Latvia,Civic engagement,2011,0.2723
Latvia,Civic engagement,2012,0.32353333333333334
Latvia,Civic engagement,2013,0.37476666666666664
Latvia,Civic engagement,2014,0.426
Latvia,Civic engagement,2015,0.330975
Latvia,Civic engagement,2016,0.23595
Latvia,Civic engagement,2017,0.140925
Latvia,Civic engagement,2018,0.0459
Latvia,Civic engagement,2019,0.05586666666666667
Latvia,Civic engagement,2020,0.06583333333333334
Latvia,Civic engagement,2021,0.0758
Latvia,Civic engagement,2022,0.4518
Latvia,Civic engagement,2023,0.082
Latvia,Environmental quality,2006,0.9807
Latvia,Environmental quality,2007,0.985
Latvia,Environmental quality,2008,0.9877
Latvia,Environmental quality,2009,0.9883
Latvia,Environmental quality,2010,0.9935
Latvia,Environmental quality,2011,0.9929
Latvia,Environmental quality,2012,0.8445
Latvia,Environmental quality,2013,0.996
Latvia,Environmental quality,2014,0.9965
Latvia,Environmental quality,2015,0.9967
Latvia,Environmental quality,2016,0.9983
Latvia,Environmental quality,2017,0.9984
Latvia,Environmental quality,2018,0.8453
Latvia,Environmental quality,2019,0.9979
Latvia,Environmental quality,2020,0.9986
Latvia,Environmental quality,2021,1.0
Latvia,Environmental quality,2022,1.0
Latvia,Environmental quality,2023,1.0
Latvia,Health,2006,0.4657
Latvia,Health,2007,0.4868
Latvia,Health,2008,0.4688
Latvia,Health,2009,0.4633
Latvia,Health,2010,0.4768
Latvia,Health,2011,0.4931
Latvia,Health,2012,0.4686
Latvia,Health,2013,0.4825
Latvia,Health,2014,0.41
Latvia,Health,2015,0.4837
Latvia,Health,2016,0.5003
Latvia,Health,2017,0.4818
Latvia,Health,2018,0.4751
Latvia,Health,2019,0.4449
Latvia,Health,2020,0.5157
Latvia,Health,2021,0.4949
Latvia,Health,2022,0.497
Latvia,Health,2023,0.4924
Latvia,Housing,2006,0.6152
Latvia,Housing,2007,0.5954
Latvia,Housing,2008,0.5843
Latvia,Housing,2009,0.6126
Latvia,Housing,2010,0.4159
Latvia,Housing,2011,0.4392
Latvia,Housing,2012,0.4833
Latvia,Housing,2013,0.4741
Latvia,Housing,2014,0.4153
Latvia,Housing,2015,0.3913
Latvia,Housing,2016,0.3531
Latvia,Housing,2017,0.3705
Latvia,Housing,2018,0.3541
Latvia,Housing,2019,0.37
Latvia,Housing,2020,0.3792
Latvia,Housing,2021,0.3659
Latvia,Housing,2022,0.2971
Latvia,Housing,2023,0.608
Latvia,Income and wealth,2006,0.6887
Latvia,Income and wealth,2007,0.6792
Latvia,Income and wealth,2008,0.6926
Latvia,Income and wealth,2009,0.4626
Latvia,Income and wealth,2010,0.4478
Latvia,Income and wealth,2011,0.4123
Latvia,Income and wealth,2012,0.3822
Latvia,Income and wealth,2013,0.4076
Latvia,Income and wealth,2014,0.5242
Latvia,Income and wealth,2015,0.4067
Latvia,Income and wealth,2016,0.4025
Latvia,Income and wealth,2017,0.4831
Latvia,Income and wealth,2018,0.4042
Latvia,Income and wealth,2019,0.3756
Latvia,Income and wealth,2020,0.3758
Latvia,Income and wealth,2021,0.3454
Latvia,Income and wealth,2022,0.3456
Latvia,Income and wealth,2023,0.2625
Latvia,Knowledge and skills,2006,0.594
Latvia,Knowledge and skills,2007,0.5935
Latvia,Knowledge and skills,2008,0.593
Latvia,Knowledge and skills,2009,0.5925
Latvia,Knowledge and skills,2010,0.6145666666666667
Latvia,Knowledge and skills,2011,0.6366333333333333
Latvia,Knowledge and skills,2012,0.6587
Latvia,Knowledge and skills,2013,0.6603333333333333
Latvia,Knowledge and skills,2014,0.6619666666666666
Latvia,Knowledge and skills,2015,0.6636
Latvia,Knowledge and skills,2016,0.6417999999999999
Latvia,Knowledge and skills,2017,0.62
Latvia,Knowledge and skills,2018,0.5982
Latvia,Knowledge and skills,2019,0.5857
Latvia,Knowledge and skills,2020,0.5731999999999999
Latvia,Knowledge and skills,2021,0.5607
Latvia,Knowledge and skills,2022,0.5482
Latvia,Knowledge and skills,2023,0.5482
Latvia,Safety,2006,0.4289
Latvia,Safety,2007,0.4301
Latvia,Safety,2008,0.438
Latvia,Safety,2009,0.4598
Latvia,Safety,2010,0.7345
Latvia,Safety,2011,0.4553
Latvia,Safety,2012,0.438
Latvia,Safety,2013,0.4528
Latvia,Safety,2014,0.5004
Latvia,Safety,2015,0.5004
Latvia,Safety,2016,0.5087
Latvia,Safety,2017,0.5934
Latvia,Safety,2018,0.5895
Latvia,Safety,2019,0.6379
Latvia,Safety,2020,0.7011
Latvia,Safety,2021,0.7011
Latvia,Safety,2022,0.6891
Latvia,Safety,2023,0.6961
Latvia,Social connections,2006,0.7008
Latvia,Social connections,2007,0.7045
Latvia,Social connections,2008,0.6696
Latvia,Social connections,2009,0.6415
Latvia,Social connections,2010,0.65325
Latvia,Social connections,2011,0.665
Latvia,Social connections,2012,0.6596
Latvia,Social connections,2013,0.6944
Latvia,Social connections,2014,0.7405
Latvia,Social connections,2015,0.7343
Latvia,Social connections,2016,0.7343
Latvia,Social connections,2017,0.7982
Latvia,Social connections,2018,0.7247
Latvia,Social connections,2019,0.7994
Latvia,Social connections,2020,0.8244
Latvia,Social connections,2021,0.8244
Latvia,Social connections,2022,0.7353
Latvia,Social connections,2023,0.8147
Latvia,Subjective well-being,2006,0.6521
Latvia,Subjective well-being,2007,0.6236
Latvia,Subjective well-being,2008,0.5995
Latvia,Subjective well-being,2009,0.5911
Latvia,Subjective well-being,2010,0.6013
Latvia,Subjective well-being,2011,0.6115
Latvia,Subjective well-being,2012,0.6115
Latvia,Subjective well-being,2013,0.5741
Latvia,Subjective well-being,2014,0.6499
Latvia,Subjective well-being,2015,0.6499
Latvia,Subjective well-being,2016,0.6499
Latvia,Subjective well-being,2017,0.6965
Latvia,Subjective well-being,2018,0.6355
Latvia,Subjective well-being,2019,0.7417
Latvia,Subjective well-being,2020,0.7687
Latvia,Subjective well-being,2021,0.6833
Latvia,Subjective well-being,2022,0.6725
Latvia,Subjective well-being,2023,0.6829
Latvia,Work and job quality,2006,0.7597
Latvia,Work and job quality,2007,0.7963
Latvia,Work and job quality,2008,0.7702
Latvia,Work and job quality,2009,0.6212
Latvia,Work and job quality,2010,0.5596
Latvia,Work and job quality,2011,0.6255
Latvia,Work and job quality,2012,0.6824
Latvia,Work and job quality,2013,0.7238
Latvia,Work and job quality,2014,0.7801
Latvia,Work and job quality,2015,0.721
Latvia,Work and job quality,2016,0.7918
Latvia,Work and job quality,2017,0.7897
Latvia,Work and job quality,2018,0.7643
Latvia,Work and job quality,2019,0.7989
Latvia,Work and job quality,2020,0.7906
Latvia,Work and job quality,2021,0.8104
Latvia,Work and job quality,2022,0.7789
Latvia,Work and job quality,2023,0.7465
Latvia,Work-life balance,2006,0.3768
Latvia,Work-life balance,2007,0.3768
Latvia,Work-life balance,2008,0.3768
Latvia,Work-life balance,2009,0.3768
Latvia,Work-life balance,2010,0.3768
Latvia,Work-life balance,2011,0.3768
Latvia,Work-life balance,2012,0.3768
Latvia,Work-life balance,2013,0.3768
Latvia,Work-life balance,2014,0.37746
Latvia,Work-life balance,2015,0.37812
Latvia,Work-life balance,2016,0.37878
Latvia,Work-life balance,2017,0.37944
Latvia,Work-life balance,2018,0.3801
Latvia,Work-life balance,2019,0.370375
Latvia,Work-life balance,2020,0.36065
Latvia,Work-life balance,2021,0.350925
Latvia,Work-life balance,2022,0.3412
Latvia,Work-life balance,2023,0.3412
Lithuania,Civic engagement,2006,0.1152
Lithuania,Civic engagement,2007,0.1152
Lithuania,Civic engagement,2008,0.1152
Lithuania,Civic engagement,2009,0.1152
Lithuania,Civic engagement,2010,0.1581
Lithuania,Civic engagement,2011,0.201
Lithuania,Civic engagement,2012,0.2439
Lithuania,Civic engagement,2013,0.2868
Lithuania,Civic engagement,2014,0.3297
Lithuania,Civic engagement,2015,0.36055000000000004
Lithuania,Civic engagement,2016,0.3914
Lithuania,Civic engagement,2017,0.46103333333333335
Lithuania,Civic engagement,2018,0.5306666666666666
Lithuania,Civic engagement,2019,0.6003
Lithuania,Civic engagement,2020,0.6003
Lithuania,Civic engagement,2021,0.6003
Lithuania,Civic engagement,2022,0.6003
Lithuania,Civic engagement,2023,0.6003
Lithuania,Environmental quality,2006,0.9999
Lithuania,Environmental quality,2007,0.9999
Lithuania,Environmental quality,2008,1.0
Lithuania,Environmental quality,2009,1.0
Lithuania,Environmental quality,2010,1.0
Lithuania,Environmental quality,2011,1.0
Lithuania,Environmental quality,2012,0.8905
Lithuania,Environmental quality,2013,1.0
Lithuania,Environmental quality,2014,1.0
Lithuania,Environmental quality,2015,1.0
Lithuania,Environmental quality,2016,1.0
Lithuania,Environmental quality,2017,1.0
Lithuania,Environmental quality,2018,0.8897
Lithuania,Environmental quality,2019,1.0
Lithuania,Environmental quality,2020,1.0
Lithuania,Environmental quality,2021,1.0
Lithuania,Environmental quality,2022,1.0
Lithuania,Environmental quality,2023,1.0
Lithuania,Health,2006,0.447
Lithuania,Health,2007,0.4645
Lithuania,Health,2008,0.47
Lithuania,Health,2009,0.4761
Lithuania,Health,2010,0.486
Lithuania,Health,2011,0.4832
Lithuania,Health,2012,0.4907
Lithuania,Health,2013,0.4792
Lithuania,Health,2014,0.3906
Lithuania,Health,2015,0.4608
Lithuania,Health,2016,0.463
Lithuania,Health,2017,0.4508
Lithuania,Health,2018,0.4555
Lithuania,Health,2019,0.4263
Lithuania,Health,2020,0.4694
Lithuania,Health,2021,0.4744
Lithuania,Health,2022,0.4477
Lithuania,Health,2023,0.4568
Lithuania,Housing,2006,0.4299
Lithuania,Housing,2007,0.4237
Lithuania,Housing,2008,0.4676
Lithuania,Housing,2009,0.537
Lithuania,Housing,2010,0.5143
Lithuania,Housing,2011,0.7577
Lithuania,Housing,2012,0.709
Lithuania,Housing,2013,0.6477
Lithuania,Housing,2014,0.5859
Lithuania,Housing,2015,0.5734
Lithuania,Housing,2016,0.5396
Lithuania,Housing,2017,0.5447
Lithuania,Housing,2018,0.5503
Lithuania,Housing,2019,0.5522
Lithuania,Housing,2020,0.619
Lithuania,Housing,2021,0.598
Lithuania,Housing,2022,0.5854
Lithuania,Housing,2023,0.8677
Lithuania,Income and wealth,2006,0.5554
Lithuania,Income and wealth,2007,0.4271
Lithuania,Income and wealth,2008,0.5115
Lithuania,Income and wealth,2009,0.4767
Lithuania,Income and wealth,2010,0.3799
Lithuania,Income and wealth,2011,0.3411
Lithuania,Income and wealth,2012,0.3915
Lithuania,Income and wealth,2013,0.3444
Lithuania,Income and wealth,2014,0.4077
Lithuania,Income and wealth,2015,0.4318
Lithuania,Income and wealth,2016,0.4447
Lithuania,Income and wealth,2017,0.4635
Lithuania,Income and wealth,2018,0.3893
Lithuania,Income and wealth,2019,0.4021
Lithuania,Income and wealth,2020,0.3457
Lithuania,Income and wealth,2021,0.3408
Lithuania,Income and wealth,2022,0.2513
Lithuania,Income and wealth,2023,0.1199
Lithuania,Knowledge and skills,2006,0.5731
Lithuania,Knowledge and skills,2007,0.5605
Lithuania,Knowledge and skills,2008,0.5479
Lithuania,Knowledge and skills,2009,0.5353
Lithuania,Knowledge and skills,2010,0.5548
Lithuania,Knowledge and skills,2011,0.5743
Lithuania,Knowledge and skills,2012,0.5938
Lithuania,Knowledge and skills,2013,0.649
Lithuania,Knowledge and skills,2014,0.7042
Lithuania,Knowledge and skills,2015,0.6325
Lithuania,Knowledge and skills,2016,0.6141333333333333
Lithuania,Knowledge and skills,2017,0.5957666666666667
Lithuania,Knowledge and skills,2018,0.5774
Lithuania,Knowledge and skills,2019,0.5686
Lithuania,Knowledge and skills,2020,0.5598000000000001
Lithuania,Knowledge and skills,2021,0.551
Lithuania,Knowledge and skills,2022,0.5422
Lithuania,Knowledge and skills,2023,0.5422
Lithuania,Safety,2006,0.2204
Lithuania,Safety,2007,0.2208
Lithuania,Safety,2008,0.2235
Lithuania,Safety,2009,0.265
Lithuania,Safety,2010,0.2734
Lithuania,Safety,2011,0.2706
Lithuania,Safety,2012,0.2617
Lithuania,Safety,2013,0.2752
Lithuania,Safety,2014,0.3784
Lithuania,Safety,2015,0.3755
Lithuania,Safety,2016,0.3854
Lithuania,Safety,2017,0.6159
Lithuania,Safety,2018,0.6198
Lithuania,Safety,2019,0.6664
Lithuania,Safety,2020,0.6631
Lithuania,Safety,2021,0.6701
Lithuania,Safety,2022,0.6288
Lithuania,Safety,2023,0.6735
Lithuania,Social connections,2006,0.8674
Lithuania,Social connections,2007,0.8719
Lithuania,Social connections,2008,0.8346
Lithuania,Social connections,2009,0.8284
Lithuania,Social connections,2010,0.8132
Lithuania,Social connections,2011,0.8176
Lithuania,Social connections,2012,0.8109
Lithuania,Social connections,2013,0.7174
Lithuania,Social connections,2014,0.8268
Lithuania,Social connections,2015,0.8199
Lithuania,Social connections,2016,0.8199
Lithuania,Social connections,2017,0.8302
Lithuania,Social connections,2018,0.6548
Lithuania,Social connections,2019,0.7999
Lithuania,Social connections,2020,0.8149
Lithuania,Social connections,2021,0.8149
Lithuania,Social connections,2022,0.6792
Lithuania,Social connections,2023,0.7848
Lithuania,Subjective well-being,2006,0.5391
Lithuania,Subjective well-being,2007,0.5206
Lithuania,Subjective well-being,2008,0.5006
Lithuania,Subjective well-being,2009,0.5035
Lithuania,Subjective well-being,2010,0.5283
Lithuania,Subjective well-being,2011,0.5409
Lithuania,Subjective well-being,2012,0.5409
Lithuania,Subjective well-being,2013,0.5638
Lithuania,Subjective well-being,2014,0.603
Lithuania,Subjective well-being,2015,0.603
Lithuania,Subjective well-being,2016,0.603
Lithuania,Subjective well-being,2017,0.6815
Lithuania,Subjective well-being,2018,0.5532
Lithuania,Subjective well-being,2019,0.6997
Lithuania,Subjective well-being,2020,0.7504
Lithuania,Subjective well-being,2021,0.6763
Lithuania,Subjective well-being,2022,0.6837
Lithuania,Subjective well-being,2023,0.6841
Lithuania,Work and job quality,2006,0.7385
Lithuania,Work and job quality,2007,0.7727
Lithuania,Work and job quality,2008,0.7691
Lithuania,Work and job quality,2009,0.7005
Lithuania,Work and job quality,2010,0.6511
Lithuania,Work and job quality,2011,0.6748
Lithuania,Work and job quality,2012,0.7338
Lithuania,Work and job quality,2013,0.7449
Lithuania,Work and job quality,2014,0.7819
Lithuania,Work and job quality,2015,0.709
Lithuania,Work and job quality,2016,0.8175
Lithuania,Work and job quality,2017,0.8164
Lithuania,Work and job quality,2018,0.7485
Lithuania,Work and job quality,2019,0.8055
Lithuania,Work and job quality,2020,0.7979
Lithuania,Work and job quality,2021,0.8236
Lithuania,Work and job quality,2022,0.7827
Lithuania,Work and job quality,2023,0.7285
Lithuania,Work-life balance,2006,0.4627
Lithuania,Work-life balance,2007,0.4627
Lithuania,Work-life balance,2008,0.4627
Lithuania,Work-life balance,2009,0.4627
Lithuania,Work-life balance,2010,0.4627
Lithuania,Work-life balance,2011,0.4627
Lithuania,Work-life balance,2012,0.4627
Lithuania,Work-life balance,2013,0.4627
Lithuania,Work-life balance,2014,0.46976
Lithuania,Work-life balance,2015,0.47682
Lithuania,Work-life balance,2016,0.48388
Lithuania,Work-life balance,2017,0.49094
Lithuania,Work-life balance,2018,0.498
Lithuania,Work-life balance,2019,0.4794
Lithuania,Work-life balance,2020,0.4608
Lithuania,Work-life balance,2021,0.4422
Lithuania,Work-life balance,2022,0.4236
Lithuania,Work-life balance,2023,0.4236
Luxembourg,Civic engagement,2006,1.0
Luxembourg,Civic engagement,2007,1.0
Luxembourg,Civic engagement,2008,1.0
Luxembourg,Civic engagement,2009,1.0
Luxembourg,Civic engagement,2010,0.9776
Luxembourg,Civic engagement,2011,0.9552
Luxembourg,Civic engagement,2012,0.9328
Luxembourg,Civic engagement,2013,0.9104
Luxembourg,Civic engagement,2014,0.90352
Luxembourg,Civic engagement,2015,0.89664
Luxembourg,Civic engagement,2016,0.88976
Luxembourg,Civic engagement,2017,0.88288
Luxembourg,Civic engagement,2018,0.876
Luxembourg,Civic engagement,2019,0.7179
Luxembourg,Civic engagement,2020,0.5598000000000001
Luxembourg,Civic engagement,2021,0.4017
Luxembourg,Civic engagement,2022,0.4042
Luxembourg,Civic engagement,2023,0.4067
Luxembourg,Environmental quality,2006,1.0
Luxembourg,Environmental quality,2007,1.0
Luxembourg,Environmental quality,2008,1.0
Luxembourg,Environmental quality,2009,1.0
Luxembourg,Environmental quality,2010,1.0
Luxembourg,Environmental quality,2011,1.0
Luxembourg,Environmental quality,2012,0.9361
Luxembourg,Environmental quality,2013,1.0
Luxembourg,Environmental quality,2014,1.0
Luxembourg,Environmental quality,2015,1.0
Luxembourg,Environmental quality,2016,1.0
Luxembourg,Environmental quality,2017,1.0
Luxembourg,Environmental quality,2018,0.9442
Luxembourg,Environmental quality,2019,1.0
Luxembourg,Environmental quality,2020,1.0
Luxembourg,Environmental quality,2021,1.0
Luxembourg,Environmental quality,2022,1.0
Luxembourg,Environmental quality,2023,1.0
Luxembourg,Health,2006,0.6545
Luxembourg,Health,2007,0.6567
Luxembourg,Health,2008,0.6775
Luxembourg,Health,2009,0.6774
Luxembourg,Health,2010,0.6738
Luxembourg,Health,2011,0.6728
Luxembourg,Health,2012,0.6742
Luxembourg,Health,2013,0.6798
Luxembourg,Health,2014,0.5979
Luxembourg,Health,2015,0.6741
Luxembourg,Health,2016,0.6828
Luxembourg,Health,2017,0.6653
Luxembourg,Health,2018,0.6715
Luxembourg,Health,2019,0.6243
Luxembourg,Health,2020,0.6741
Luxembourg,Health,2021,0.7013
Luxembourg,Health,2022,0.6749
Luxembourg,Health,2023,0.6195
Luxembourg,Housing,2006,0.339
Luxembourg,Housing,2007,0.3916
Luxembourg,Housing,2008,0.3927
Luxembourg,Housing,2009,0.433
Luxembourg,Housing,2010,0.4945
Luxembourg,Housing,2011,0.4611
Luxembourg,Housing,2012,0.4789
Luxembourg,Housing,2013,0.4833
Luxembourg,Housing,2014,0.5544
Luxembourg,Housing,2015,0.5426
Luxembourg,Housing,2016,0.5685
Luxembourg,Housing,2017,0.5812
Luxembourg,Housing,2018,0.5092
Luxembourg,Housing,2019,0.6012
Luxembourg,Housing,2020,0.6062
Luxembourg,Housing,2021,0.5612
Luxembourg,Housing,2022,0.5986
Luxembourg,Housing,2023,0.0788
Luxembourg,Income and wealth,2006,0.4965
Luxembourg,Income and wealth,2007,0.5035
Luxembourg,Income and wealth,2008,0.5008
Luxembourg,Income and wealth,2009,0.5074
Luxembourg,Income and wealth,2010,0.5219
Luxembourg,Income and wealth,2011,0.5616
Luxembourg,Income and wealth,2012,0.5178
Luxembourg,Income and wealth,2013,0.5474
Luxembourg,Income and wealth,2014,0.5891
Luxembourg,Income and wealth,2015,0.3858
Luxembourg,Income and wealth,2016,0.3761
Luxembourg,Income and wealth,2017,0.4319
Luxembourg,Income and wealth,2018,0.504
Luxembourg,Income and wealth,2019,0.3708
Luxembourg,Income and wealth,2020,0.3404
Luxembourg,Income and wealth,2021,0.3145
Luxembourg,Income and wealth,2022,0.4534
Luxembourg,Income and wealth,2023,0.0
Luxembourg,Knowledge and skills,2006,0.5948
Luxembourg,Knowledge and skills,2007,0.5811666666666666
Luxembourg,Knowledge and skills,2008,0.5675333333333333
Luxembourg,Knowledge and skills,2009,0.5539
Luxembourg,Knowledge and skills,2010,0.5793999999999999
Luxembourg,Knowledge and skills,2011,0.6049
Luxembourg,Knowledge and skills,2012,0.6304
Luxembourg,Knowledge and skills,2013,0.6489333333333334
Luxembourg,Knowledge and skills,2014,0.6674666666666667
Luxembourg,Knowledge and skills,2015,0.686
Luxembourg,Knowledge and skills,2016,0.6574333333333333
Luxembourg,Knowledge and skills,2017,0.6288666666666667
Luxembourg,Knowledge and skills,2018,0.6003
Luxembourg,Knowledge and skills,2019,0.6003
Luxembourg,Knowledge and skills,2020,0.6003
Luxembourg,Knowledge and skills,2021,0.6003
Luxembourg,Knowledge and skills,2022,0.6003
Luxembourg,Knowledge and skills,2023,0.6003
Luxembourg,Safety,2006,0.9304
Luxembourg,Safety,2007,0.9274
Luxembourg,Safety,2008,0.7797
Luxembourg,Safety,2009,0.8356
Luxembourg,Safety,2010,0.7402
Luxembourg,Safety,2011,0.6898
Luxembourg,Safety,2012,0.6629
Luxembourg,Safety,2013,0.6795
Luxembourg,Safety,2014,0.6699
Luxembourg,Safety,2015,0.658
Luxembourg,Safety,2016,0.6638
Luxembourg,Safety,2017,0.7742
Luxembourg,Safety,2018,0.773
Luxembourg,Safety,2019,0.8436
Luxembourg,Safety,2020,0.9164
Luxembourg,Safety,2021,0.9415
Luxembourg,Safety,2022,0.8039
Luxembourg,Safety,2023,0.8558
Luxembourg,Social connections,2006,0.8777
Luxembourg,Social connections,2007,0.8777
Luxembourg,Social connections,2008,0.8777
Luxembourg,Social connections,2009,0.8672500000000001
Luxembourg,Social connections,2010,0.8568
Luxembourg,Social connections,2011,0.8376
Luxembourg,Social connections,2012,0.6375
Luxembourg,Social connections,2013,0.751
Luxembourg,Social connections,2014,0.8096
Luxembourg,Social connections,2015,0.8028
Luxembourg,Social connections,2016,0.8028
Luxembourg,Social connections,2017,0.77
Luxembourg,Social connections,2018,0.7196
Luxembourg,Social connections,2019,0.6895
Luxembourg,Social connections,2020,0.6668666666666667
Luxembourg,Social connections,2021,0.6442333333333333
Luxembourg,Social connections,2022,0.6216
Luxembourg,Social connections,2023,0.6626
Luxembourg,Subjective well-being,2006,0.6448
Luxembourg,Subjective well-being,2007,0.6448
Luxembourg,Subjective well-being,2008,0.6448
Luxembourg,Subjective well-being,2009,0.6589
Luxembourg,Subjective well-being,2010,0.673
Luxembourg,Subjective well-being,2011,0.6466
Luxembourg,Subjective well-being,2012,0.6466
Luxembourg,Subjective well-being,2013,0.7116
Luxembourg,Subjective well-being,2014,0.7411
Luxembourg,Subjective well-being,2015,0.7411
Luxembourg,Subjective well-being,2016,0.7411
Luxembourg,Subjective well-being,2017,0.753
Luxembourg,Subjective well-being,2018,0.7577
Luxembourg,Subjective well-being,2019,0.735
Luxembourg,Subjective well-being,2020,0.7239
Luxembourg,Subjective well-being,2021,0.7128
Luxembourg,Subjective well-being,2022,0.6912
Luxembourg,Subjective well-being,2023,0.7063
Luxembourg,Work and job quality,2006,0.7265
Luxembourg,Work and job quality,2007,0.8265
Luxembourg,Work and job quality,2008,0.8136
Luxembourg,Work and job quality,2009,0.8534
Luxembourg,Work and job quality,2010,0.7507
Luxembourg,Work and job quality,2011,0.8674
Luxembourg,Work and job quality,2012,0.8732
Luxembourg,Work and job quality,2013,0.8365
Luxembourg,Work and job quality,2014,0.856
Luxembourg,Work and job quality,2015,0.752
Luxembourg,Work and job quality,2016,0.8528
Luxembourg,Work and job quality,2017,0.8291
Luxembourg,Work and job quality,2018,0.7844
Luxembourg,Work and job quality,2019,0.8004
Luxembourg,Work and job quality,2020,0.7809
Luxembourg,Work and job quality,2021,0.7998
Luxembourg,Work and job quality,2022,0.782
Luxembourg,Work and job quality,2023,0.7143
Luxembourg,Work-life balance,2006,0.4748
Luxembourg,Work-life balance,2007,0.4748
Luxembourg,Work-life balance,2008,0.4748
Luxembourg,Work-life balance,2009,0.4748
Luxembourg,Work-life balance,2010,0.4748
Luxembourg,Work-life balance,2011,0.4748
Luxembourg,Work-life balance,2012,0.4748
Luxembourg,Work-life balance,2013,0.4748
Luxembourg,Work-life balance,2014,1.0
Luxembourg,Work-life balance,2015,0.858
Luxembourg,Work-life balance,2016,0.716
Luxembourg,Work-life balance,2017,0.574
Luxembourg,Work-life balance,2018,0.432
Luxembourg,Work-life balance,2019,0.4331
Luxembourg,Work-life balance,2020,0.43420000000000003
Luxembourg,Work-life balance,2021,0.4353
Luxembourg,Work-life balance,2022,0.4364
Luxembourg,Work-life balance,2023,0.4364
Mexico,Civic engagement,2006,0.2836
Mexico,Civic engagement,2007,0.37821666666666665
Mexico,Civic engagement,2008,0.4728333333333333
Mexico,Civic engagement,2009,0.5674499999999999
Mexico,Civic engagement,2010,0.6620666666666666
Mexico,Civic engagement,2011,0.7566833333333333
Mexico,Civic engagement,2012,0.8513
Mexico,Civic engagement,2013,0.7519666666666667
Mexico,Civic engagement,2014,0.6526333333333333
Mexico,Civic engagement,2015,0.5533
Mexico,Civic engagement,2016,0.4539666666666667
Mexico,Civic engagement,2017,0.35463333333333336
Mexico,Civic engagement,2018,0.2553
Mexico,Civic engagement,2019,0.33322
Mexico,Civic engagement,2020,0.41114000000000006
Mexico,Civic engagement,2021,0.48906000000000005
Mexico,Civic engagement,2022,0.56698
Mexico,Civic engagement,2023,0.6449
Mexico,Environmental quality,2006,0.6215
Mexico,Environmental quality,2007,0.8104
Mexico,Environmental quality,2008,0.564
Mexico,Environmental quality,2009,0.5769
Mexico,Environmental quality,2010,0.7334
Mexico,Environmental quality,2011,0.5428
Mexico,Environmental quality,2012,0.7699
Mexico,Environmental quality,2013,0.5931
Mexico,Environmental quality,2014,0.6435
Mexico,Environmental quality,2015,0.748
Mexico,Environmental quality,2016,0.624
Mexico,Environmental quality,2017,0.6683
Mexico,Environmental quality,2018,0.6133
Mexico,Environmental quality,2019,0.6065
Mexico,Environmental quality,2020,0.7142
Mexico,Environmental quality,2021,0.558
Mexico,Environmental quality,2022,0.4361
Mexico,Environmental quality,2023,0.2286
Mexico,Health,2006,0.6265
Mexico,Health,2007,0.65
Mexico,Health,2008,0.6081
Mexico,Health,2009,0.5715
Mexico,Health,2010,0.5371
Mexico,Health,2011,0.5431
Mexico,Health,2012,0.5424
Mexico,Health,2013,0.5523
Mexico,Health,2014,0.521
Mexico,Health,2015,0.5181
Mexico,Health,2016,0.5183
Mexico,Health,2017,0.4842
Mexico,Health,2018,0.4608
Mexico,Health,2019,0.4573
Mexico,Health,2020,0.3995
Mexico,Health,2021,0.4073
Mexico,Health,2022,0.3315
Mexico,Health,2023,0.2893
Mexico,Housing,2006,0.2339
Mexico,Housing,2007,0.2377
Mexico,Housing,2008,0.2247
Mexico,Housing,2009,0.2858
Mexico,Housing,2010,0.2951
Mexico,Housing,2011,0.3332
Mexico,Housing,2012,0.2891
Mexico,Housing,2013,0.3623
Mexico,Housing,2014,0.277
Mexico,Housing,2015,0.3799
Mexico,Housing,2016,0.217
Mexico,Housing,2017,0.3263
Mexico,Housing,2018,0.1846
Mexico,Housing,2019,0.3183
Mexico,Housing,2020,0.2624
Mexico,Housing,2021,0.2754
Mexico,Housing,2022,0.1905
Mexico,Housing,2023,0.3581
Mexico,Income and wealth,2006,0.0
Mexico,Income and wealth,2007,0.0
Mexico,Income and wealth,2008,0.0
Mexico,Income and wealth,2009,0.0
Mexico,Income and wealth,2010,0.0
Mexico,Income and wealth,2011,0.0223
Mexico,Income and wealth,2012,0.5738
Mexico,Income and wealth,2013,0.0704
Mexico,Income and wealth,2014,0.4804
Mexico,Income and wealth,2015,0.0764
Mexico,Income and wealth,2016,0.4816
Mexico,Income and wealth,2017,0.0158
Mexico,Income and wealth,2018,0.3979
Mexico,Income and wealth,2019,0.0086
Mexico,Income and wealth,2020,0.413
Mexico,Income and wealth,2021,0.289
Mexico,Income and wealth,2022,0.3482
Mexico,Income and wealth,2023,0.0
Mexico,Knowledge and skills,2006,0.157
Mexico,Knowledge and skills,2007,0.15093333333333334
Mexico,Knowledge and skills,2008,0.14486666666666667
Mexico,Knowledge and skills,2009,0.1388
Mexico,Knowledge and skills,2010,0.1444
Mexico,Knowledge and skills,2011,0.15
Mexico,Knowledge and skills,2012,0.1556
Mexico,Knowledge and skills,2013,0.2573333333333333
Mexico,Knowledge and skills,2014,0.35906666666666665
Mexico,Knowledge and skills,2015,0.4608
Mexico,Knowledge and skills,2016,0.3681
Mexico,Knowledge and skills,2017,0.2754
Mexico,Knowledge and skills,2018,0.2367
Mexico,Knowledge and skills,2019,0.2024
Mexico,Knowledge and skills,2020,0.1681
Mexico,Knowledge and skills,2021,0.1338
Mexico,Knowledge and skills,2022,0.0995
Mexico,Knowledge and skills,2023,0.0995
Mexico,Safety,2006,0.5187
Mexico,Safety,2007,0.5538
Mexico,Safety,2008,0.4493
Mexico,Safety,2009,0.4268
Mexico,Safety,2010,0.3574
Mexico,Safety,2011,0.3144
Mexico,Safety,2012,0.3048
Mexico,Safety,2013,0.3188
Mexico,Safety,2014,0.2395
Mexico,Safety,2015,0.2387
Mexico,Safety,2016,0.2288
Mexico,Safety,2017,0.2202
Mexico,Safety,2018,0.2207
Mexico,Safety,2019,0.2151
Mexico,Safety,2020,0.2381
Mexico,Safety,2021,0.2033
Mexico,Safety,2022,0.2354
Mexico,Safety,2023,0.2354
Mexico,Social connections,2006,0.7544
Mexico,Social connections,2007,0.7784
Mexico,Social connections,2008,0.7393
Mexico,Social connections,2009,0.6833
Mexico,Social connections,2010,0.6273
Mexico,Social connections,2011,0.5549
Mexico,Social connections,2012,0.5504
Mexico,Social connections,2013,0.5504
Mexico,Social connections,2014,0.5583
Mexico,Social connections,2015,0.5536
Mexico,Social connections,2016,0.5536
Mexico,Social connections,2017,0.5862
Mexico,Social connections,2018,0.6002
Mexico,Social connections,2019,0.5169
Mexico,Social connections,2020,0.461
Mexico,Social connections,2021,0.5032
Mexico,Social connections,2022,0.5425
Mexico,Social connections,2023,0.5425
Mexico,Subjective well-being,2006,0.6957
Mexico,Subjective well-being,2007,0.6824
Mexico,Subjective well-being,2008,0.6939
Mexico,Subjective well-being,2009,0.7065
Mexico,Subjective well-being,2010,0.6991
Mexico,Subjective well-being,2011,0.6718
Mexico,Subjective well-being,2012,0.6718
Mexico,Subjective well-being,2013,0.6718
Mexico,Subjective well-being,2014,0.7048
Mexico,Subjective well-being,2015,0.7048
Mexico,Subjective well-being,2016,0.7048
Mexico,Subjective well-being,2017,0.7342
Mexico,Subjective well-being,2018,0.7342
Mexico,Subjective well-being,2019,0.6985
Mexico,Subjective well-being,2020,0.6566
Mexico,Subjective well-being,2021,0.7334
Mexico,Subjective well-being,2022,0.6795
Mexico,Subjective well-being,2023,0.6795
Mexico,Work and job quality,2006,0.662
Mexico,Work and job quality,2007,0.7122
Mexico,Work and job quality,2008,0.6969
Mexico,Work and job quality,2009,0.6918
Mexico,Work and job quality,2010,0.6968
Mexico,Work and job quality,2011,0.7005
Mexico,Work and job quality,2012,0.6921
Mexico,Work and job quality,2013,0.7044
Mexico,Work and job quality,2014,0.7078
Mexico,Work and job quality,2015,0.6392
Mexico,Work and job quality,2016,0.6821
Mexico,Work and job quality,2017,0.6135
Mexico,Work and job quality,2018,0.6448
Mexico,Work and job quality,2019,0.6053
Mexico,Work and job quality,2020,0.5958
Mexico,Work and job quality,2021,0.6488
Mexico,Work and job quality,2022,0.611
Mexico,Work and job quality,2023,0.6074
Mexico,Work-life balance,2006,0.5948
Mexico,Work-life balance,2007,0.5948
Mexico,Work-life balance,2008,0.5948
Mexico,Work-life balance,2009,0.5948
Mexico,Work-life balance,2010,0.5948
Mexico,Work-life balance,2011,0.5948
Mexico,Work-life balance,2012,0.5948
Mexico,Work-life balance,2013,0.5948
Mexico,Work-life balance,2014,0.5948
Mexico,Work-life balance,2015,0.6147285714285714
Mexico,Work-life balance,2016,0.6346571428571428
Mexico,Work-life balance,2017,0.6545857142857142
Mexico,Work-life balance,2018,0.6745142857142857
Mexico,Work-life balance,2019,0.6944428571428571
Mexico,Work-life balance,2020,0.7143714285714285
Mexico,Work-life balance,2021,0.7343
Mexico,Work-life balance,2022,0.7343
Mexico,Work-life balance,2023,0.7343
Netherlands,Civic engagement,2006,0.7436
Netherlands,Civic engagement,2007,0.72975
Netherlands,Civic engagement,2008,0.7159
Netherlands,Civic engagement,2009,0.7020500000000001
Netherlands,Civic engagement,2010,0.6882
Netherlands,Civic engagement,2011,0.6942
Netherlands,Civic engagement,2012,0.7002
Netherlands,Civic engagement,2013,0.7124
Netherlands,Civic engagement,2014,0.7246
Netherlands,Civic engagement,2015,0.7368
Netherlands,Civic engagement,2016,0.749
Netherlands,Civic engagement,2017,0.7612
Netherlands,Civic engagement,2018,0.681775
Netherlands,Civic engagement,2019,0.6023499999999999
Netherlands,Civic engagement,2020,0.522925
Netherlands,Civic engagement,2021,0.4435
Netherlands,Civic engagement,2022,0.5152
Netherlands,Civic engagement,2023,0.5869
Netherlands,Environmental quality,2006,0.922
Netherlands,Environmental quality,2007,0.9393
Netherlands,Environmental quality,2008,0.9501
Netherlands,Environmental quality,2009,0.9526
Netherlands,Environmental quality,2010,0.9734
Netherlands,Environmental quality,2011,0.9711
Netherlands,Environmental quality,2012,0.8893
Netherlands,Environmental quality,2013,0.9833
Netherlands,Environmental quality,2014,0.9855
Netherlands,Environmental quality,2015,0.9862
Netherlands,Environmental quality,2016,0.9929
Netherlands,Environmental quality,2017,0.9932
Netherlands,Environmental quality,2018,0.8974
Netherlands,Environmental quality,2019,0.9913
Netherlands,Environmental quality,2020,0.9943
Netherlands,Environmental quality,2021,1.0
Netherlands,Environmental quality,2022,1.0
Netherlands,Environmental quality,2023,1.0
Netherlands,Health,2006,0.6792
Netherlands,Health,2007,0.6839
Netherlands,Health,2008,0.685
Netherlands,Health,2009,0.6747
Netherlands,Health,2010,0.6769
Netherlands,Health,2011,0.683
Netherlands,Health,2012,0.6758
Netherlands,Health,2013,0.6708
Netherlands,Health,2014,0.6872
Netherlands,Health,2015,0.6688
Netherlands,Health,2016,0.6686
Netherlands,Health,2017,0.6512
Netherlands,Health,2018,0.656
Netherlands,Health,2019,0.5988
Netherlands,Health,2020,0.6627
Netherlands,Health,2021,0.6584
Netherlands,Health,2022,0.6408
Netherlands,Health,2023,0.5861
Netherlands,Housing,2006,0.5025
Netherlands,Housing,2007,0.5417
Netherlands,Housing,2008,0.5286
Netherlands,Housing,2009,0.5477
Netherlands,Housing,2010,0.5689
Netherlands,Housing,2011,0.5656
Netherlands,Housing,2012,0.5636
Netherlands,Housing,2013,0.5689
Netherlands,Housing,2014,0.5747
Netherlands,Housing,2015,0.5747
Netherlands,Housing,2016,0.5522
Netherlands,Housing,2017,0.5623
Netherlands,Housing,2018,0.5465
Netherlands,Housing,2019,0.5497
Netherlands,Housing,2020,0.536
Netherlands,Housing,2021,0.5424
Netherlands,Housing,2022,0.5232
Netherlands,Housing,2023,0.5133
Netherlands,Income and wealth,2006,0.4318
Netherlands,Income and wealth,2007,0.3982
Netherlands,Income and wealth,2008,0.3993
Netherlands,Income and wealth,2009,0.3897
Netherlands,Income and wealth,2010,0.4141
Netherlands,Income and wealth,2011,0.3345
Netherlands,Income and wealth,2012,0.2538
Netherlands,Income and wealth,2013,0.2679
Netherlands,Income and wealth,2014,0.2637
Netherlands,Income and wealth,2015,0.4109
Netherlands,Income and wealth,2016,0.2527
Netherlands,Income and wealth,2017,0.2617
Netherlands,Income and wealth,2018,0.2264
Netherlands,Income and wealth,2019,0.2366
Netherlands,Income and wealth,2020,0.2266
Netherlands,Income and wealth,2021,0.2427
Netherlands,Income and wealth,2022,0.1881
Netherlands,Income and wealth,2023,0.4498
Netherlands,Knowledge and skills,2006,0.7976
Netherlands,Knowledge and skills,2007,0.8009333333333333
Netherlands,Knowledge and skills,2008,0.8042666666666667
Netherlands,Knowledge and skills,2009,0.8076
Netherlands,Knowledge and skills,2010,0.7682
Netherlands,Knowledge and skills,2011,0.7288
Netherlands,Knowledge and skills,2012,0.6894
Netherlands,Knowledge and skills,2013,0.7133333333333334
Netherlands,Knowledge and skills,2014,0.7372666666666666
Netherlands,Knowledge and skills,2015,0.7612
Netherlands,Knowledge and skills,2016,0.7409
Netherlands,Knowledge and skills,2017,0.7206
Netherlands,Knowledge and skills,2018,0.7003
Netherlands,Knowledge and skills,2019,0.684175
Netherlands,Knowledge and skills,2020,0.66805
Netherlands,Knowledge and skills,2021,0.6519250000000001
Netherlands,Knowledge and skills,2022,0.6358
Netherlands,Knowledge and skills,2023,0.6358
Netherlands,Safety,2006,0.8109
Netherlands,Safety,2007,0.8177
Netherlands,Safety,2008,0.781
Netherlands,Safety,2009,0.9775
Netherlands,Safety,2010,0.7926
Netherlands,Safety,2011,0.8077
Netherlands,Safety,2012,0.7782
Netherlands,Safety,2013,0.809
Netherlands,Safety,2014,0.7788
Netherlands,Safety,2015,0.7652
Netherlands,Safety,2016,0.7663
Netherlands,Safety,2017,0.799
Netherlands,Safety,2018,0.7978
Netherlands,Safety,2019,0.8048
Netherlands,Safety,2020,0.8111
Netherlands,Safety,2021,0.8116
Netherlands,Safety,2022,0.8026
Netherlands,Safety,2023,0.7957
Netherlands,Social connections,2006,0.903
Netherlands,Social connections,2007,0.9078
Netherlands,Social connections,2008,0.8856
Netherlands,Social connections,2009,0.87775
Netherlands,Social connections,2010,0.8699
Netherlands,Social connections,2011,0.8563
Netherlands,Social connections,2012,0.8493
Netherlands,Social connections,2013,0.8168
Netherlands,Social connections,2014,0.8084
Netherlands,Social connections,2015,0.8016
Netherlands,Social connections,2016,0.8289
Netherlands,Social connections,2017,0.8351
Netherlands,Social connections,2018,0.7597
Netherlands,Social connections,2019,0.8242
Netherlands,Social connections,2020,0.8168
Netherlands,Social connections,2021,0.8168
Netherlands,Social connections,2022,0.7635
Netherlands,Social connections,2023,0.8076
Netherlands,Subjective well-being,2006,0.8163
Netherlands,Subjective well-being,2007,0.7729
Netherlands,Subjective well-being,2008,0.7638
Netherlands,Subjective well-being,2009,0.7817000000000001
Netherlands,Subjective well-being,2010,0.7996
Netherlands,Subjective well-being,2011,0.7849
Netherlands,Subjective well-being,2012,0.7849
Netherlands,Subjective well-being,2013,0.8237
Netherlands,Subjective well-being,2014,0.7875
Netherlands,Subjective well-being,2015,0.7875
Netherlands,Subjective well-being,2016,0.7875
Netherlands,Subjective well-being,2017,0.7935
Netherlands,Subjective well-being,2018,0.7894
Netherlands,Subjective well-being,2019,0.7841
Netherlands,Subjective well-being,2020,0.7777
Netherlands,Subjective well-being,2021,0.7828
Netherlands,Subjective well-being,2022,0.7774
Netherlands,Subjective well-being,2023,0.7501
Netherlands,Work and job quality,2006,0.7924
Netherlands,Work and job quality,2007,0.8694
Netherlands,Work and job quality,2008,0.8834
Netherlands,Work and job quality,2009,0.8907
Netherlands,Work and job quality,2010,0.7405
Netherlands,Work and job quality,2011,0.8933
Netherlands,Work and job quality,2012,0.8956
Netherlands,Work and job quality,2013,0.8568
Netherlands,Work and job quality,2014,0.8551
Netherlands,Work and job quality,2015,0.78
Netherlands,Work and job quality,2016,0.8987
Netherlands,Work and job quality,2017,0.8902
Netherlands,Work and job quality,2018,0.8216
Netherlands,Work and job quality,2019,0.8466
Netherlands,Work and job quality,2020,0.8485
Netherlands,Work and job quality,2021,0.866
Netherlands,Work and job quality,2022,0.8495
Netherlands,Work and job quality,2023,0.843
Netherlands,Work-life balance,2006,0.3393
Netherlands,Work-life balance,2007,0.3393
Netherlands,Work-life balance,2008,0.3393
Netherlands,Work-life balance,2009,0.3393
Netherlands,Work-life balance,2010,0.3393
Netherlands,Work-life balance,2011,0.3393
Netherlands,Work-life balance,2012,0.3393
Netherlands,Work-life balance,2013,0.3393
Netherlands,Work-life balance,2014,0.43516666666666665
Netherlands,Work-life balance,2015,0.5310333333333334
Netherlands,Work-life balance,2016,0.6269
Netherlands,Work-life balance,2017,0.49515
Netherlands,Work-life balance,2018,0.3634
Netherlands,Work-life balance,2019,0.36125
Netherlands,Work-life balance,2020,0.3591
Netherlands,Work-life balance,2021,0.35695
Netherlands,Work-life balance,2022,0.3548
Netherlands,Work-life balance,2023,0.3548
New Zealand,Civic engagement,2006,0.9486
New Zealand,Civic engagement,2007,0.9486
New Zealand,Civic engagement,2008,0.9486
New Zealand,Civic engagement,2009,0.8495666666666667
New Zealand,Civic engagement,2010,0.7505333333333333
New Zealand,Civic engagement,2011,0.6515
New Zealand,Civic engagement,2012,0.6423333333333333
New Zealand,Civic engagement,2013,0.6331666666666667
New Zealand,Civic engagement,2014,0.624
New Zealand,Civic engagement,2015,0.6878500000000001
New Zealand,Civic engagement,2016,0.7517
New Zealand,Civic engagement,2017,0.7212
New Zealand,Civic engagement,2018,0.7115
New Zealand,Civic engagement,2019,0.7018
New Zealand,Civic engagement,2020,0.6921
New Zealand,Civic engagement,2021,0.5172
New Zealand,Civic engagement,2022,0.5666
New Zealand,Civic engagement,2023,0.616
New Zealand,Environmental quality,2006,0.7235
New Zealand,Environmental quality,2007,0.9648
New Zealand,Environmental quality,2008,0.9512
New Zealand,Environmental quality,2009,0.973
New Zealand,Environmental quality,2010,0.9849
New Zealand,Environmental quality,2011,0.9837
New Zealand,Environmental quality,2012,0.9889
New Zealand,Environmental quality,2013,0.9906
New Zealand,Environmental quality,2014,0.9919
New Zealand,Environmental quality,2015,0.9869
New Zealand,Environmental quality,2016,0.996
New Zealand,Environmental quality,2017,0.9962
New Zealand,Environmental quality,2018,0.9945
New Zealand,Environmental quality,2019,0.9952
New Zealand,Environmental quality,2020,0.9788
New Zealand,Environmental quality,2021,1.0
New Zealand,Environmental quality,2022,1.0
New Zealand,Environmental quality,2023,1.0
New Zealand,Health,2006,0.8134
New Zealand,Health,2007,0.7248
New Zealand,Health,2008,0.8108
New Zealand,Health,2009,0.7954
New Zealand,Health,2010,0.7897
New Zealand,Health,2011,0.8029
New Zealand,Health,2012,0.7154
New Zealand,Health,2013,0.7195
New Zealand,Health,2014,0.7243
New Zealand,Health,2015,0.711
New Zealand,Health,2016,0.7119
New Zealand,Health,2017,0.671
New Zealand,Health,2018,0.6791
New Zealand,Health,2019,0.6712
New Zealand,Health,2020,0.6808
New Zealand,Health,2021,0.6865
New Zealand,Health,2022,0.6748
New Zealand,Health,2023,0.6512
New Zealand,Housing,2006,0.3438
New Zealand,Housing,2007,0.4006
New Zealand,Housing,2008,0.3717
New Zealand,Housing,2009,0.4921
New Zealand,Housing,2010,0.3534
New Zealand,Housing,2011,0.4054
New Zealand,Housing,2012,0.5195
New Zealand,Housing,2013,0.647
New Zealand,Housing,2014,0.2507
New Zealand,Housing,2015,0.1586
New Zealand,Housing,2016,0.1822
New Zealand,Housing,2017,0.1318
New Zealand,Housing,2018,0.5241
New Zealand,Housing,2019,0.5369
New Zealand,Housing,2020,0.5786
New Zealand,Housing,2021,1.0
New Zealand,Housing,2022,1.0
New Zealand,Housing,2023,1.0
New Zealand,Income and wealth,2006,0.6876
New Zealand,Income and wealth,2007,0.5624
New Zealand,Income and wealth,2008,0.4264
New Zealand,Income and wealth,2009,0.4573
New Zealand,Income and wealth,2010,0.3405
New Zealand,Income and wealth,2011,0.3939
New Zealand,Income and wealth,2012,0.3584
New Zealand,Income and wealth,2013,0.4266
New Zealand,Income and wealth,2014,0.4558
New Zealand,Income and wealth,2015,0.3809
New Zealand,Income and wealth,2016,0.3245
New Zealand,Income and wealth,2017,0.4626
New Zealand,Income and wealth,2018,0.43
New Zealand,Income and wealth,2019,0.3993
New Zealand,Income and wealth,2020,0.3696
New Zealand,Income and wealth,2021,0.0489
New Zealand,Income and wealth,2022,0.0489
New Zealand,Income and wealth,2023,0.0489
New Zealand,Knowledge and skills,2006,0.8198
New Zealand,Knowledge and skills,2007,0.8294666666666667
New Zealand,Knowledge and skills,2008,0.8391333333333333
New Zealand,Knowledge and skills,2009,0.8488
New Zealand,Knowledge and skills,2010,0.8206666666666667
New Zealand,Knowledge and skills,2011,0.7925333333333333
New Zealand,Knowledge and skills,2012,0.7644
New Zealand,Knowledge and skills,2013,0.75115
New Zealand,Knowledge and skills,2014,0.7379
New Zealand,Knowledge and skills,2015,0.7448
New Zealand,Knowledge and skills,2016,0.7371
New Zealand,Knowledge and skills,2017,0.7294
New Zealand,Knowledge and skills,2018,0.7217
New Zealand,Knowledge and skills,2019,0.711925
New Zealand,Knowledge and skills,2020,0.70215
New Zealand,Knowledge and skills,2021,0.692375
New Zealand,Knowledge and skills,2022,0.6826
New Zealand,Knowledge and skills,2023,0.6826
New Zealand,Safety,2006,0.5999
New Zealand,Safety,2007,0.5813
New Zealand,Safety,2008,0.5704
New Zealand,Safety,2009,0.847
New Zealand,Safety,2010,0.59
New Zealand,Safety,2011,0.6002
New Zealand,Safety,2012,0.5758
New Zealand,Safety,2013,0.6027
New Zealand,Safety,2014,0.559
New Zealand,Safety,2015,0.5478
New Zealand,Safety,2016,0.5481
New Zealand,Safety,2017,0.5292
New Zealand,Safety,2018,0.5292
New Zealand,Safety,2019,0.5112
New Zealand,Safety,2020,0.5013
New Zealand,Safety,2021,0.5034
New Zealand,Safety,2022,0.4971
New Zealand,Safety,2023,0.5022
New Zealand,Social connections,2006,0.9023
New Zealand,Social connections,2007,0.8943
New Zealand,Social connections,2008,0.8792
New Zealand,Social connections,2009,0.5497
New Zealand,Social connections,2010,0.9126
New Zealand,Social connections,2011,0.9024
New Zealand,Social connections,2012,0.895
New Zealand,Social connections,2013,0.895
New Zealand,Social connections,2014,0.8546
New Zealand,Social connections,2015,0.9006
New Zealand,Social connections,2016,0.8433
New Zealand,Social connections,2017,0.8895
New Zealand,Social connections,2018,0.9066
New Zealand,Social connections,2019,0.8564
New Zealand,Social connections,2020,0.8583
New Zealand,Social connections,2021,0.8532
New Zealand,Social connections,2022,0.8519
New Zealand,Social connections,2023,0.8519
New Zealand,Subjective well-being,2006,0.7458
New Zealand,Subjective well-being,2007,0.6882
New Zealand,Subjective well-being,2008,0.6822
New Zealand,Subjective well-being,2009,0.70945
New Zealand,Subjective well-being,2010,0.7367
New Zealand,Subjective well-being,2011,0.7451
New Zealand,Subjective well-being,2012,0.7451
New Zealand,Subjective well-being,2013,0.7451
New Zealand,Subjective well-being,2014,0.7882
New Zealand,Subjective well-being,2015,0.7841
New Zealand,Subjective well-being,2016,0.783
New Zealand,Subjective well-being,2017,0.7893
New Zealand,Subjective well-being,2018,0.7547
New Zealand,Subjective well-being,2019,0.7525
New Zealand,Subjective well-being,2020,0.7356
New Zealand,Subjective well-being,2021,0.7293
New Zealand,Subjective well-being,2022,0.6944
New Zealand,Subjective well-being,2023,0.6944
New Zealand,Work and job quality,2006,0.7878
New Zealand,Work and job quality,2007,0.7922
New Zealand,Work and job quality,2008,0.7933
New Zealand,Work and job quality,2009,0.7899
New Zealand,Work and job quality,2010,0.7866
New Zealand,Work and job quality,2011,0.7933
New Zealand,Work and job quality,2012,0.7826
New Zealand,Work and job quality,2013,0.7923
New Zealand,Work and job quality,2014,0.8056
New Zealand,Work and job quality,2015,0.6756
New Zealand,Work and job quality,2016,0.7802
New Zealand,Work and job quality,2017,0.7713
New Zealand,Work and job quality,2018,0.7869
New Zealand,Work and job quality,2019,0.7563
New Zealand,Work and job quality,2020,0.7653
New Zealand,Work and job quality,2021,0.7882
New Zealand,Work and job quality,2022,0.7599
New Zealand,Work and job quality,2023,0.7555
New Zealand,Work-life balance,2006,0.1518
New Zealand,Work-life balance,2007,0.1518
New Zealand,Work-life balance,2008,0.1518
New Zealand,Work-life balance,2009,0.1518
New Zealand,Work-life balance,2010,0.1518
New Zealand,Work-life balance,2011,0.1518
New Zealand,Work-life balance,2012,0.1518
New Zealand,Work-life balance,2013,0.1518
New Zealand,Work-life balance,2014,0.1518
New Zealand,Work-life balance,2015,0.1518
New Zealand,Work-life balance,2016,0.1518
New Zealand,Work-life balance,2017,0.1518
New Zealand,Work-life balance,2018,0.1518
New Zealand,Work-life balance,2019,0.1518
New Zealand,Work-life balance,2020,0.1518
New Zealand,Work-life balance,2021,0.1518
New Zealand,Work-life balance,2022,0.1518
New Zealand,Work-life balance,2023,0.1518
Norway,Civic engagement,2006,0.6724
Norway,Civic engagement,2007,0.6724
Norway,Civic engagement,2008,0.6724
Norway,Civic engagement,2009,0.6724
Norway,Civic engagement,2010,0.688125
Norway,Civic engagement,2011,0.70385
Norway,Civic engagement,2012,0.719575
Norway,Civic engagement,2013,0.7353
Norway,Civic engagement,2014,0.72015
Norway,Civic engagement,2015,0.705
Norway,Civic engagement,2016,0.68985
Norway,Civic engagement,2017,0.6747
Norway,Civic engagement,2018,0.662125
Norway,Civic engagement,2019,0.64955
Norway,Civic engagement,2020,0.636975
Norway,Civic engagement,2021,0.6244
Norway,Civic engagement,2022,0.5287499999999999
Norway,Civic engagement,2023,0.4331
Norway,Environmental quality,2006,0.5665
Norway,Environmental quality,2007,0.6276
Norway,Environmental quality,2008,0.6668
Norway,Environmental quality,2009,0.6806
Norway,Environmental quality,2010,0.7598
Norway,Environmental quality,2011,0.806
Norway,Environmental quality,2012,0.6718
Norway,Environmental quality,2013,0.7336
Norway,Environmental quality,2014,0.6771
Norway,Environmental quality,2015,0.6955
Norway,Environmental quality,2016,0.7416
Norway,Environmental quality,2017,0.7684
Norway,Environmental quality,2018,0.6189
Norway,Environmental quality,2019,0.6743
Norway,Environmental quality,2020,0.7179
Norway,Environmental quality,2021,1.0
Norway,Environmental quality,2022,1.0
Norway,Environmental quality,2023,1.0
Norway,Health,2006,0.6928
Norway,Health,2007,0.7046
Norway,Health,2008,0.6987
Norway,Health,2009,0.6818
Norway,Health,2010,0.6844
Norway,Health,2011,0.6834
Norway,Health,2012,0.6934
Norway,Health,2013,0.696
Norway,Health,2014,0.586
Norway,Health,2015,0.6929
Norway,Health,2016,0.7024
Norway,Health,2017,0.7218
Norway,Health,2018,0.7298
Norway,Health,2019,0.6177
Norway,Health,2020,0.7404
Norway,Health,2021,0.7041
Norway,Health,2022,0.6757
Norway,Health,2023,0.6597
Norway,Housing,2006,0.4583
Norway,Housing,2007,0.5128
Norway,Housing,2008,0.5278
Norway,Housing,2009,0.5677
Norway,Housing,2010,0.5501
Norway,Housing,2011,0.5404
Norway,Housing,2012,0.5617
Norway,Housing,2013,0.5512
Norway,Housing,2014,0.5749
Norway,Housing,2015,0.575
Norway,Housing,2016,0.5786
Norway,Housing,2017,0.565
Norway,Housing,2018,0.5555
Norway,Housing,2019,0.5645
Norway,Housing,2020,0.5635
Norway,Housing,2021,0.5846
Norway,Housing,2022,0.4177
Norway,Housing,2023,0.0788
Norway,Income and wealth,2006,0.3585
Norway,Income and wealth,2007,0.351
Norway,Income and wealth,2008,0.2331
Norway,Income and wealth,2009,0.2222
Norway,Income and wealth,2010,0.2103
Norway,Income and wealth,2011,0.2265
Norway,Income and wealth,2012,0.3267
Norway,Income and wealth,2013,0.2601
Norway,Income and wealth,2014,0.2514
Norway,Income and wealth,2015,0.3014
Norway,Income and wealth,2016,0.2462
Norway,Income and wealth,2017,0.2684
Norway,Income and wealth,2018,0.2913
Norway,Income and wealth,2019,0.2573
Norway,Income and wealth,2020,0.2314
Norway,Income and wealth,2021,0.2279
Norway,Income and wealth,2022,0.2052
Norway,Income and wealth,2023,0.0493
Norway,Knowledge and skills,2006,0.6046
Norway,Knowledge and skills,2007,0.6326666666666667
Norway,Knowledge and skills,2008,0.6607333333333333
Norway,Knowledge and skills,2009,0.6888
Norway,Knowledge and skills,2010,0.6637666666666666
Norway,Knowledge and skills,2011,0.6387333333333334
Norway,Knowledge and skills,2012,0.6137
Norway,Knowledge and skills,2013,0.6441
Norway,Knowledge and skills,2014,0.6745
Norway,Knowledge and skills,2015,0.7049
Norway,Knowledge and skills,2016,0.6919
Norway,Knowledge and skills,2017,0.6789000000000001
Norway,Knowledge and skills,2018,0.6659
Norway,Knowledge and skills,2019,0.6474
Norway,Knowledge and skills,2020,0.6289
Norway,Knowledge and skills,2021,0.6104
Norway,Knowledge and skills,2022,0.5919
Norway,Knowledge and skills,2023,0.5919
Norway,Safety,2006,0.9129
Norway,Safety,2007,0.9942
Norway,Safety,2008,0.882
Norway,Safety,2009,0.9789
Norway,Safety,2010,0.9502
Norway,Safety,2011,0.9676
Norway,Safety,2012,0.9046
Norway,Safety,2013,0.9623
Norway,Safety,2014,0.8955
Norway,Safety,2015,0.8837
Norway,Safety,2016,0.8828
Norway,Safety,2017,0.92
Norway,Safety,2018,0.92
Norway,Safety,2019,0.9266
Norway,Safety,2020,0.9304
Norway,Safety,2021,0.9304
Norway,Safety,2022,0.9277
Norway,Safety,2023,0.9237
Norway,Social connections,2006,0.9129
Norway,Social connections,2007,0.89105
Norway,Social connections,2008,0.8692
Norway,Social connections,2009,0.6800999999999999
Norway,Social connections,2010,0.491
Norway,Social connections,2011,0.6915
Norway,Social connections,2012,0.892
Norway,Social connections,2013,0.8096
Norway,Social connections,2014,0.8996
Norway,Social connections,2015,0.892
Norway,Social connections,2016,0.892
Norway,Social connections,2017,0.894
Norway,Social connections,2018,0.871
Norway,Social connections,2019,0.8652
Norway,Social connections,2020,0.8647
Norway,Social connections,2021,0.8647
Norway,Social connections,2022,0.843
Norway,Social connections,2023,0.8523
Norway,Subjective well-being,2006,0.8214
Norway,Subjective well-being,2007,0.8082
Norway,Subjective well-being,2008,0.795
Norway,Subjective well-being,2009,0.783075
Norway,Subjective well-being,2010,0.77115
Norway,Subjective well-being,2011,0.759225
Norway,Subjective well-being,2012,0.7473
Norway,Subjective well-being,2013,0.8581
Norway,Subjective well-being,2014,0.7848
Norway,Subjective well-being,2015,0.7848
Norway,Subjective well-being,2016,0.7848
Norway,Subjective well-being,2017,0.7812
Norway,Subjective well-being,2018,0.8038
Norway,Subjective well-being,2019,0.759
Norway,Subjective well-being,2020,0.7583
Norway,Subjective well-being,2021,0.749
Norway,Subjective well-being,2022,0.7402
Norway,Subjective well-being,2023,0.7409
Norway,Work and job quality,2006,0.8043
Norway,Work and job quality,2007,0.8396
Norway,Work and job quality,2008,0.8472
Norway,Work and job quality,2009,0.8581
Norway,Work and job quality,2010,0.7225
Norway,Work and job quality,2011,0.8576
Norway,Work and job quality,2012,0.8628
Norway,Work and job quality,2013,0.8639
Norway,Work and job quality,2014,0.8694
Norway,Work and job quality,2015,0.7255
Norway,Work and job quality,2016,0.8491
Norway,Work and job quality,2017,0.8162
Norway,Work and job quality,2018,0.8545
Norway,Work and job quality,2019,0.8337
Norway,Work and job quality,2020,0.8312
Norway,Work and job quality,2021,0.8441
Norway,Work and job quality,2022,0.8259
Norway,Work and job quality,2023,0.8
Norway,Work-life balance,2006,0.5741
Norway,Work-life balance,2007,0.5741
Norway,Work-life balance,2008,0.5741
Norway,Work-life balance,2009,0.5741
Norway,Work-life balance,2010,0.5741
Norway,Work-life balance,2011,0.5405
Norway,Work-life balance,2012,0.5069
Norway,Work-life balance,2013,0.4733
Norway,Work-life balance,2014,0.47018
Norway,Work-life balance,2015,0.46706
Norway,Work-life balance,2016,0.46394
Norway,Work-life balance,2017,0.46082
Norway,Work-life balance,2018,0.4577
Norway,Work-life balance,2019,0.5194
Norway,Work-life balance,2020,0.5811
Norway,Work-life balance,2021,0.6428
Norway,Work-life balance,2022,0.7045
Norway,Work-life balance,2023,0.7045
Poland,Civic engagement,2006,0.34
Poland,Civic engagement,2007,0.34
Poland,Civic engagement,2008,0.255
Poland,Civic engagement,2009,0.17
Poland,Civic engagement,2010,0.085
Poland,Civic engagement,2011,0.0
Poland,Civic engagement,2012,0.01275
Poland,Civic engagement,2013,0.0255
Poland,Civic engagement,2014,0.03825
Poland,Civic engagement,2015,0.051
Poland,Civic engagement,2016,0.200975
Poland,Civic engagement,2017,0.35095
Poland,Civic engagement,2018,0.500925
Poland,Civic engagement,2019,0.6509
Poland,Civic engagement,2020,0.65925
Poland,Civic engagement,2021,0.6676
Poland,Civic engagement,2022,0.67595
Poland,Civic engagement,2023,0.6843
Poland,Environmental quality,2006,0.9863
Poland,Environmental quality,2007,0.9894
Poland,Environmental quality,2008,0.9913
Poland,Environmental quality,2009,0.9917
Poland,Environmental quality,2010,0.9954
Poland,Environmental quality,2011,0.995
Poland,Environmental quality,2012,0.8525
Poland,Environmental quality,2013,0.9971
Poland,Environmental quality,2014,0.9975
Poland,Environmental quality,2015,0.9976
Poland,Environmental quality,2016,0.9987
Poland,Environmental quality,2017,0.9988
Poland,Environmental quality,2018,0.8421
Poland,Environmental quality,2019,0.9985
Poland,Environmental quality,2020,0.999
Poland,Environmental quality,2021,1.0
Poland,Environmental quality,2022,1.0
Poland,Environmental quality,2023,1.0
Poland,Health,2006,0.5876
Poland,Health,2007,0.6008
Poland,Health,2008,0.5984
Poland,Health,2009,0.5781
Poland,Health,2010,0.58
Poland,Health,2011,0.5928
Poland,Health,2012,0.5854
Poland,Health,2013,0.5908
Poland,Health,2014,0.4971
Poland,Health,2015,0.6037
Poland,Health,2016,0.613
Poland,Health,2017,0.5946
Poland,Health,2018,0.5912
Poland,Health,2019,0.5103
Poland,Health,2020,0.5907
Poland,Health,2021,0.617
Poland,Health,2022,0.5426
Poland,Health,2023,0.5428
Poland,Housing,2006,0.4936
Poland,Housing,2007,0.4667
Poland,Housing,2008,0.4684
Poland,Housing,2009,0.4663
Poland,Housing,2010,0.3995
Poland,Housing,2011,0.3744
Poland,Housing,2012,0.3621
Poland,Housing,2013,0.3712
Poland,Housing,2014,0.3345
Poland,Housing,2015,0.3034
Poland,Housing,2016,0.3223
Poland,Housing,2017,0.312
Poland,Housing,2018,0.3251
Poland,Housing,2019,0.3456
Poland,Housing,2020,0.3776
Poland,Housing,2021,0.3496
Poland,Housing,2022,0.2573
Poland,Housing,2023,0.2069
Poland,Income and wealth,2006,0.4935
Poland,Income and wealth,2007,0.349
Poland,Income and wealth,2008,0.3442
Poland,Income and wealth,2009,0.3044
Poland,Income and wealth,2010,0.293
Poland,Income and wealth,2011,0.2634
Poland,Income and wealth,2012,0.2671
Poland,Income and wealth,2013,0.2645
Poland,Income and wealth,2014,0.3272
Poland,Income and wealth,2015,0.2615
Poland,Income and wealth,2016,0.2787
Poland,Income and wealth,2017,0.2191
Poland,Income and wealth,2018,0.1934
Poland,Income and wealth,2019,0.197
Poland,Income and wealth,2020,0.1939
Poland,Income and wealth,2021,0.1642
Poland,Income and wealth,2022,0.2265
Poland,Income and wealth,2023,0.1478
Poland,Knowledge and skills,2006,0.682
Poland,Knowledge and skills,2007,0.6857000000000001
Poland,Knowledge and skills,2008,0.6894
Poland,Knowledge and skills,2009,0.6931
Poland,Knowledge and skills,2010,0.6344666666666667
Poland,Knowledge and skills,2011,0.5758333333333333
Poland,Knowledge and skills,2012,0.5172
Poland,Knowledge and skills,2013,0.6291
Poland,Knowledge and skills,2014,0.741
Poland,Knowledge and skills,2015,0.8529
Poland,Knowledge and skills,2016,0.8141
Poland,Knowledge and skills,2017,0.7753
Poland,Knowledge and skills,2018,0.7365
Poland,Knowledge and skills,2019,0.71145
Poland,Knowledge and skills,2020,0.6864
Poland,Knowledge and skills,2021,0.66135
Poland,Knowledge and skills,2022,0.6363
Poland,Knowledge and skills,2023,0.6363
Poland,Safety,2006,0.643
Poland,Safety,2007,0.6458
Poland,Safety,2008,0.6314
Poland,Safety,2009,0.6569
Poland,Safety,2010,0.6499
Poland,Safety,2011,0.6379
Poland,Safety,2012,0.6218
Poland,Safety,2013,0.6486
Poland,Safety,2014,0.6184
Poland,Safety,2015,0.6109
Poland,Safety,2016,0.6104
Poland,Safety,2017,0.6674
Poland,Safety,2018,0.6669
Poland,Safety,2019,0.6869
Poland,Safety,2020,0.6957
Poland,Safety,2021,0.6997
Poland,Safety,2022,0.6802
Poland,Safety,2023,0.681
Poland,Social connections,2006,0.8427
Poland,Social connections,2007,0.8472
Poland,Social connections,2008,0.849
Poland,Social connections,2009,0.871
Poland,Social connections,2010,0.8628
Poland,Social connections,2011,0.8425
Poland,Social connections,2012,0.7212
Poland,Social connections,2013,0.7405
Poland,Social connections,2014,0.7958
Poland,Social connections,2015,0.7891
Poland,Social connections,2016,0.7891
Poland,Social connections,2017,0.7409
Poland,Social connections,2018,0.7245
Poland,Social connections,2019,0.7036
Poland,Social connections,2020,0.7714
Poland,Social connections,2021,0.7714
Poland,Social connections,2022,0.7434
Poland,Social connections,2023,0.7168
Poland,Subjective well-being,2006,0.67
Poland,Subjective well-being,2007,0.6416
Poland,Subjective well-being,2008,0.666
Poland,Subjective well-being,2009,0.6879
Poland,Subjective well-being,2010,0.7159
Poland,Subjective well-being,2011,0.7065
Poland,Subjective well-being,2012,0.7065
Poland,Subjective well-being,2013,0.7258
Poland,Subjective well-being,2014,0.7272
Poland,Subjective well-being,2015,0.7272
Poland,Subjective well-being,2016,0.7272
Poland,Subjective well-being,2017,0.8006
Poland,Subjective well-being,2018,0.8011
Poland,Subjective well-being,2019,0.8094
Poland,Subjective well-being,2020,0.7538
Poland,Subjective well-being,2021,0.77
Poland,Subjective well-being,2022,0.8093
Poland,Subjective well-being,2023,0.7918
Poland,Work and job quality,2006,0.616
Poland,Work and job quality,2007,0.6683
Poland,Work and job quality,2008,0.7067
Poland,Work and job quality,2009,0.7007
Poland,Work and job quality,2010,0.6494
Poland,Work and job quality,2011,0.711
Poland,Work and job quality,2012,0.7087
Poland,Work and job quality,2013,0.7058
Poland,Work and job quality,2014,0.7632
Poland,Work and job quality,2015,0.6951
Poland,Work and job quality,2016,0.7728
Poland,Work and job quality,2017,0.7663
Poland,Work and job quality,2018,0.7503
Poland,Work and job quality,2019,0.7908
Poland,Work and job quality,2020,0.7817
Poland,Work and job quality,2021,0.8246
Poland,Work and job quality,2022,0.776
Poland,Work and job quality,2023,0.7324
Poland,Work-life balance,2006,0.4299
Poland,Work-life balance,2007,0.4299
Poland,Work-life balance,2008,0.4299
Poland,Work-life balance,2009,0.4299
Poland,Work-life balance,2010,0.4299
Poland,Work-life balance,2011,0.4299
Poland,Work-life balance,2012,0.4299
Poland,Work-life balance,2013,0.5012
Poland,Work-life balance,2014,0.48822
Poland,Work-life balance,2015,0.47524
Poland,Work-life balance,2016,0.46226
Poland,Work-life balance,2017,0.44928
Poland,Work-life balance,2018,0.4363
Poland,Work-life balance,2019,0.43385
Poland,Work-life balance,2020,0.4314
Poland,Work-life balance,2021,0.42895
Poland,Work-life balance,2022,0.4265
Poland,Work-life balance,2023,0.4265
Portugal,Civic engagement,2006,0.2941
Portugal,Civic engagement,2007,0.2941
Portugal,Civic engagement,2008,0.2941
Portugal,Civic engagement,2009,0.2941
Portugal,Civic engagement,2010,0.26439999999999997
Portugal,Civic engagement,2011,0.2347
Portugal,Civic engagement,2012,0.290825
Portugal,Civic engagement,2013,0.34695
Portugal,Civic engagement,2014,0.403075
Portugal,Civic engagement,2015,0.4592
Portugal,Civic engagement,2016,0.469
Portugal,Civic engagement,2017,0.4788
Portugal,Civic engagement,2018,0.48860000000000003
Portugal,Civic engagement,2019,0.4984
Portugal,Civic engagement,2020,0.41745
Portugal,Civic engagement,2021,0.3365
Portugal,Civic engagement,2022,0.3201
Portugal,Civic engagement,2023,0.3156
Portugal,Environmental quality,2006,0.7594
Portugal,Environmental quality,2007,0.9329
Portugal,Environmental quality,2008,0.9024
Portugal,Environmental quality,2009,0.8447
Portugal,Environmental quality,2010,0.8531
Portugal,Environmental quality,2011,0.948
Portugal,Environmental quality,2012,0.6887
Portugal,Environmental quality,2013,0.8442
Portugal,Environmental quality,2014,0.9579
Portugal,Environmental quality,2015,0.9354
Portugal,Environmental quality,2016,0.8607
Portugal,Environmental quality,2017,0.8899
Portugal,Environmental quality,2018,0.6578
Portugal,Environmental quality,2019,0.9105
Portugal,Environmental quality,2020,0.9143
Portugal,Environmental quality,2021,0.9365
Portugal,Environmental quality,2022,0.7826
Portugal,Environmental quality,2023,0.8667
Portugal,Health,2006,0.6116
Portugal,Health,2007,0.6408
Portugal,Health,2008,0.6669
Portugal,Health,2009,0.6488
Portugal,Health,2010,0.6639
Portugal,Health,2011,0.6714
Portugal,Health,2012,0.6562
Portugal,Health,2013,0.653
Portugal,Health,2014,0.5891
Portugal,Health,2015,0.6469
Portugal,Health,2016,0.642
Portugal,Health,2017,0.6245
Portugal,Health,2018,0.6321
Portugal,Health,2019,0.5771
Portugal,Health,2020,0.5822
Portugal,Health,2021,0.6021
Portugal,Health,2022,0.5765
Portugal,Health,2023,0.5838
Portugal,Housing,2006,0.7237
Portugal,Housing,2007,0.7492
Portugal,Housing,2008,0.7119
Portugal,Housing,2009,0.7069
Portugal,Housing,2010,0.7405
Portugal,Housing,2011,0.6604
Portugal,Housing,2012,0.6749
Portugal,Housing,2013,0.6966
Portugal,Housing,2014,0.6527
Portugal,Housing,2015,0.6416
Portugal,Housing,2016,0.631
Portugal,Housing,2017,0.6294
Portugal,Housing,2018,0.5841
Portugal,Housing,2019,0.5879
Portugal,Housing,2020,0.5915
Portugal,Housing,2021,0.5924
Portugal,Housing,2022,0.7163
Portugal,Housing,2023,1.0
Portugal,Income and wealth,2006,0.6709
Portugal,Income and wealth,2007,0.5481
Portugal,Income and wealth,2008,0.5465
Portugal,Income and wealth,2009,0.4579
Portugal,Income and wealth,2010,0.3951
Portugal,Income and wealth,2011,0.3846
Portugal,Income and wealth,2012,0.3864
Portugal,Income and wealth,2013,0.2985
Portugal,Income and wealth,2014,0.388
Portugal,Income and wealth,2015,0.3656
Portugal,Income and wealth,2016,0.345
Portugal,Income and wealth,2017,0.3813
Portugal,Income and wealth,2018,0.2663
Portugal,Income and wealth,2019,0.2809
Portugal,Income and wealth,2020,0.2954
Portugal,Income and wealth,2021,0.2303
Portugal,Income and wealth,2022,0.2798
Portugal,Income and wealth,2023,0.3295
Portugal,Knowledge and skills,2006,0.5137
Portugal,Knowledge and skills,2007,0.5473333333333333
Portugal,Knowledge and skills,2008,0.5809666666666667
Portugal,Knowledge and skills,2009,0.6146
Portugal,Knowledge and skills,2010,0.6166333333333334
Portugal,Knowledge and skills,2011,0.6186666666666667
Portugal,Knowledge and skills,2012,0.6207
Portugal,Knowledge and skills,2013,0.6719
Portugal,Knowledge and skills,2014,0.7231
Portugal,Knowledge and skills,2015,0.7743
Portugal,Knowledge and skills,2016,0.736
Portugal,Knowledge and skills,2017,0.6977
Portugal,Knowledge and skills,2018,0.6594
Portugal,Knowledge and skills,2019,0.632375
Portugal,Knowledge and skills,2020,0.60535
Portugal,Knowledge and skills,2021,0.578325
Portugal,Knowledge and skills,2022,0.5513
Portugal,Knowledge and skills,2023,0.5513
Portugal,Safety,2006,0.6082
Portugal,Safety,2007,0.9312
Portugal,Safety,2008,0.6415
Portugal,Safety,2009,0.6494
Portugal,Safety,2010,0.6239
Portugal,Safety,2011,0.6096
Portugal,Safety,2012,0.5952
Portugal,Safety,2013,0.6207
Portugal,Safety,2014,0.6798
Portugal,Safety,2015,0.6704
Portugal,Safety,2016,0.6731
Portugal,Safety,2017,0.7716
Portugal,Safety,2018,0.7663
Portugal,Safety,2019,0.7943
Portugal,Safety,2020,0.792
Portugal,Safety,2021,0.7921
Portugal,Safety,2022,0.8115
Portugal,Safety,2023,0.8115
Portugal,Social connections,2006,0.804
Portugal,Social connections,2007,0.7855000000000001
Portugal,Social connections,2008,0.767
Portugal,Social connections,2009,0.7449
Portugal,Social connections,2010,0.7298
Portugal,Social connections,2011,0.7232
Portugal,Social connections,2012,0.7173
Portugal,Social connections,2013,0.6841
Portugal,Social connections,2014,0.7354
Portugal,Social connections,2015,0.7292
Portugal,Social connections,2016,0.7292
Portugal,Social connections,2017,0.748
Portugal,Social connections,2018,0.7376
Portugal,Social connections,2019,0.6979
Portugal,Social connections,2020,0.6949
Portugal,Social connections,2021,0.6949
Portugal,Social connections,2022,0.723
Portugal,Social connections,2023,0.6887
Portugal,Subjective well-being,2006,0.571
Portugal,Subjective well-being,2007,0.5645
Portugal,Subjective well-being,2008,0.558
Portugal,Subjective well-being,2009,0.5527
Portugal,Subjective well-being,2010,0.535
Portugal,Subjective well-being,2011,0.4944
Portugal,Subjective well-being,2012,0.4944
Portugal,Subjective well-being,2013,0.4886
Portugal,Subjective well-being,2014,0.4913
Portugal,Subjective well-being,2015,0.4913
Portugal,Subjective well-being,2016,0.4913
Portugal,Subjective well-being,2017,0.5308
Portugal,Subjective well-being,2018,0.5688
Portugal,Subjective well-being,2019,0.5364
Portugal,Subjective well-being,2020,0.5474
Portugal,Subjective well-being,2021,0.608
Portugal,Subjective well-being,2022,0.585
Portugal,Subjective well-being,2023,0.5327
Portugal,Work and job quality,2006,0.7445
Portugal,Work and job quality,2007,0.7302
Portugal,Work and job quality,2008,0.7094
Portugal,Work and job quality,2009,0.6886
Portugal,Work and job quality,2010,0.6481
Portugal,Work and job quality,2011,0.7007
Portugal,Work and job quality,2012,0.6774
Portugal,Work and job quality,2013,0.6542
Portugal,Work and job quality,2014,0.7121
Portugal,Work and job quality,2015,0.6749
Portugal,Work and job quality,2016,0.7337
Portugal,Work and job quality,2017,0.7434
Portugal,Work and job quality,2018,0.6971
Portugal,Work and job quality,2019,0.7275
Portugal,Work and job quality,2020,0.7433
Portugal,Work and job quality,2021,0.7596
Portugal,Work and job quality,2022,0.7425
Portugal,Work and job quality,2023,0.6795
Portugal,Work-life balance,2006,0.5295
Portugal,Work-life balance,2007,0.5295
Portugal,Work-life balance,2008,0.5295
Portugal,Work-life balance,2009,0.5295
Portugal,Work-life balance,2010,0.5295
Portugal,Work-life balance,2011,0.5295
Portugal,Work-life balance,2012,0.5295
Portugal,Work-life balance,2013,0.5295
Portugal,Work-life balance,2014,0.5214799999999999
Portugal,Work-life balance,2015,0.51346
Portugal,Work-life balance,2016,0.50544
Portugal,Work-life balance,2017,0.49742
Portugal,Work-life balance,2018,0.4894
Portugal,Work-life balance,2019,0.477375
Portugal,Work-life balance,2020,0.46535000000000004
Portugal,Work-life balance,2021,0.45332500000000003
Portugal,Work-life balance,2022,0.4413
Portugal,Work-life balance,2023,0.4413
Slovak Republic,Civic engagement,2006,0.2017
Slovak Republic,Civic engagement,2007,0.255025
Slovak Republic,Civic engagement,2008,0.30835
Slovak Republic,Civic engagement,2009,0.36167499999999997
Slovak Republic,Civic engagement,2010,0.415
Slovak Republic,Civic engagement,2011,0.41985
Slovak Republic,Civic engagement,2012,0.4247
Slovak Republic,Civic engagement,2013,0.4324
Slovak Republic,Civic engagement,2014,0.44010000000000005
Slovak Republic,Civic engagement,2015,0.44780000000000003
Slovak Republic,Civic engagement,2016,0.4555
Slovak Republic,Civic engagement,2017,0.36865000000000003
Slovak Republic,Civic engagement,2018,0.2818
Slovak Republic,Civic engagement,2019,0.19494999999999998
Slovak Republic,Civic engagement,2020,0.1081
Slovak Republic,Civic engagement,2021,0.15176666666666666
Slovak Republic,Civic engagement,2022,0.19543333333333335
Slovak Republic,Civic engagement,2023,0.2391
Slovak Republic,Environmental quality,2006,1.0
Slovak Republic,Environmental quality,2007,1.0
Slovak Republic,Environmental quality,2008,1.0
Slovak Republic,Environmental quality,2009,1.0
Slovak Republic,Environmental quality,2010,1.0
Slovak Republic,Environmental quality,2011,1.0
Slovak Republic,Environmental quality,2012,0.9043
Slovak Republic,Environmental quality,2013,1.0
Slovak Republic,Environmental quality,2014,1.0
Slovak Republic,Environmental quality,2015,0.9684
Slovak Republic,Environmental quality,2016,1.0
Slovak Republic,Environmental quality,2017,1.0
Slovak Republic,Environmental quality,2018,0.9072
Slovak Republic,Environmental quality,2019,1.0
Slovak Republic,Environmental quality,2020,1.0
Slovak Republic,Environmental quality,2021,1.0
Slovak Republic,Environmental quality,2022,1.0
Slovak Republic,Environmental quality,2023,1.0
Slovak Republic,Health,2006,0.5933
Slovak Republic,Health,2007,0.5967
Slovak Republic,Health,2008,0.5929
Slovak Republic,Health,2009,0.5842
Slovak Republic,Health,2010,0.5932
Slovak Republic,Health,2011,0.569
Slovak Republic,Health,2012,0.6018
Slovak Republic,Health,2013,0.6065
Slovak Republic,Health,2014,0.4746
Slovak Republic,Health,2015,0.5692
Slovak Republic,Health,2016,0.6285
Slovak Republic,Health,2017,0.6101
Slovak Republic,Health,2018,0.6213
Slovak Republic,Health,2019,0.4907
Slovak Republic,Health,2020,0.6423
Slovak Republic,Health,2021,0.6542
Slovak Republic,Health,2022,0.5983
Slovak Republic,Health,2023,0.5895
Slovak Republic,Housing,2006,0.1052
Slovak Republic,Housing,2007,0.1103
Slovak Republic,Housing,2008,0.1444
Slovak Republic,Housing,2009,0.1429
Slovak Republic,Housing,2010,0.1765
Slovak Republic,Housing,2011,0.1616
Slovak Republic,Housing,2012,0.2156
Slovak Republic,Housing,2013,0.196
Slovak Republic,Housing,2014,0.2176
Slovak Republic,Housing,2015,0.2134
Slovak Republic,Housing,2016,0.2452
Slovak Republic,Housing,2017,0.2374
Slovak Republic,Housing,2018,0.2116
Slovak Republic,Housing,2019,0.2235
Slovak Republic,Housing,2020,0.2579
Slovak Republic,Housing,2021,0.2776
Slovak Republic,Housing,2022,0.2093
Slovak Republic,Housing,2023,0.1872
Slovak Republic,Income and wealth,2006,0.1888
Slovak Republic,Income and wealth,2007,0.1688
Slovak Republic,Income and wealth,2008,0.2141
Slovak Republic,Income and wealth,2009,0.209
Slovak Republic,Income and wealth,2010,0.1697
Slovak Republic,Income and wealth,2011,0.1855
Slovak Republic,Income and wealth,2012,0.2009
Slovak Republic,Income and wealth,2013,0.2219
Slovak Republic,Income and wealth,2014,0.225
Slovak Republic,Income and wealth,2015,0.1934
Slovak Republic,Income and wealth,2016,0.1776
Slovak Republic,Income and wealth,2017,0.2102
Slovak Republic,Income and wealth,2018,0.1465
Slovak Republic,Income and wealth,2019,0.1769
Slovak Republic,Income and wealth,2020,0.2078
Slovak Republic,Income and wealth,2021,0.1552
Slovak Republic,Income and wealth,2022,0.2855
Slovak Republic,Income and wealth,2023,0.3308
Slovak Republic,Knowledge and skills,2006,0.5774
Slovak Republic,Knowledge and skills,2007,0.5839666666666666
Slovak Republic,Knowledge and skills,2008,0.5905333333333334
Slovak Republic,Knowledge and skills,2009,0.5971
Slovak Republic,Knowledge and skills,2010,0.5751666666666666
Slovak Republic,Knowledge and skills,2011,0.5532333333333334
Slovak Republic,Knowledge and skills,2012,0.5313
Slovak Republic,Knowledge and skills,2013,0.5241
Slovak Republic,Knowledge and skills,2014,0.5169
Slovak Republic,Knowledge and skills,2015,0.5097
Slovak Republic,Knowledge and skills,2016,0.5202666666666667
Slovak Republic,Knowledge and skills,2017,0.5308333333333334
Slovak Republic,Knowledge and skills,2018,0.5414
Slovak Republic,Knowledge and skills,2019,0.53395
Slovak Republic,Knowledge and skills,2020,0.5265
Slovak Republic,Knowledge and skills,2021,0.51905
Slovak Republic,Knowledge and skills,2022,0.5116
Slovak Republic,Knowledge and skills,2023,0.5116
Slovak Republic,Safety,2006,0.3619
Slovak Republic,Safety,2007,0.5862
Slovak Republic,Safety,2008,0.8311
Slovak Republic,Safety,2009,0.9016
Slovak Republic,Safety,2010,0.497
Slovak Republic,Safety,2011,0.4292
Slovak Republic,Safety,2012,0.4854
Slovak Republic,Safety,2013,0.51
Slovak Republic,Safety,2014,0.5367
Slovak Republic,Safety,2015,0.4564
Slovak Republic,Safety,2016,0.5329
Slovak Republic,Safety,2017,0.6305
Slovak Republic,Safety,2018,0.6314
Slovak Republic,Safety,2019,0.6423
Slovak Republic,Safety,2020,0.6845
Slovak Republic,Safety,2021,0.6852
Slovak Republic,Safety,2022,0.6275
Slovak Republic,Safety,2023,0.6244
Slovak Republic,Social connections,2006,0.9158
Slovak Republic,Social connections,2007,0.8952249999999999
Slovak Republic,Social connections,2008,0.8746499999999999
Slovak Republic,Social connections,2009,0.854075
Slovak Republic,Social connections,2010,0.8335
Slovak Republic,Social connections,2011,0.8315
Slovak Republic,Social connections,2012,0.8247
Slovak Republic,Social connections,2013,0.7093
Slovak Republic,Social connections,2014,0.8506
Slovak Republic,Social connections,2015,0.8435
Slovak Republic,Social connections,2016,0.8435
Slovak Republic,Social connections,2017,0.8425
Slovak Republic,Social connections,2018,0.7959
Slovak Republic,Social connections,2019,0.8276
Slovak Republic,Social connections,2020,0.8564
Slovak Republic,Social connections,2021,0.8564
Slovak Republic,Social connections,2022,0.7615
Slovak Republic,Social connections,2023,0.855
Slovak Republic,Subjective well-being,2006,0.5406
Slovak Republic,Subjective well-being,2007,0.548875
Slovak Republic,Subjective well-being,2008,0.55715
Slovak Republic,Subjective well-being,2009,0.565425
Slovak Republic,Subjective well-being,2010,0.5737
Slovak Republic,Subjective well-being,2011,0.5399
Slovak Republic,Subjective well-being,2012,0.5399
Slovak Republic,Subjective well-being,2013,0.5875
Slovak Republic,Subjective well-being,2014,0.6515
Slovak Republic,Subjective well-being,2015,0.6515
Slovak Republic,Subjective well-being,2016,0.6515
Slovak Republic,Subjective well-being,2017,0.7095
Slovak Republic,Subjective well-being,2018,0.6618
Slovak Republic,Subjective well-being,2019,0.7058
Slovak Republic,Subjective well-being,2020,0.7077
Slovak Republic,Subjective well-being,2021,0.676
Slovak Republic,Subjective well-being,2022,0.6494
Slovak Republic,Subjective well-being,2023,0.6727
Slovak Republic,Work and job quality,2006,0.5641
Slovak Republic,Work and job quality,2007,0.5681
Slovak Republic,Work and job quality,2008,0.5939
Slovak Republic,Work and job quality,2009,0.6078
Slovak Republic,Work and job quality,2010,0.5615
Slovak Republic,Work and job quality,2011,0.6149
Slovak Republic,Work and job quality,2012,0.6362
Slovak Republic,Work and job quality,2013,0.643
Slovak Republic,Work and job quality,2014,0.6935
Slovak Republic,Work and job quality,2015,0.6476
Slovak Republic,Work and job quality,2016,0.7177
Slovak Republic,Work and job quality,2017,0.7096
Slovak Republic,Work and job quality,2018,0.6746
Slovak Republic,Work and job quality,2019,0.7224
Slovak Republic,Work and job quality,2020,0.7235
Slovak Republic,Work and job quality,2021,0.7295
Slovak Republic,Work and job quality,2022,0.6934
Slovak Republic,Work and job quality,2023,0.6711
Slovak Republic,Work-life balance,2006,0.457
Slovak Republic,Work-life balance,2007,0.457
Slovak Republic,Work-life balance,2008,0.457
Slovak Republic,Work-life balance,2009,0.457
Slovak Republic,Work-life balance,2010,0.457
Slovak Republic,Work-life balance,2011,0.457
Slovak Republic,Work-life balance,2012,0.457
Slovak Republic,Work-life balance,2013,0.457
Slovak Republic,Work-life balance,2014,0.45644
Slovak Republic,Work-life balance,2015,0.45588
Slovak Republic,Work-life balance,2016,0.45532
Slovak Republic,Work-life balance,2017,0.45476
Slovak Republic,Work-life balance,2018,0.4542
Slovak Republic,Work-life balance,2019,0.44135
Slovak Republic,Work-life balance,2020,0.4285
Slovak Republic,Work-life balance,2021,0.41564999999999996
Slovak Republic,Work-life balance,2022,0.4028
Slovak Republic,Work-life balance,2023,0.4028
Slovenia,Civic engagement,2006,0.1703
Slovenia,Civic engagement,2007,0.1703
Slovenia,Civic engagement,2008,0.1703
Slovenia,Civic engagement,2009,0.2567666666666667
Slovenia,Civic engagement,2010,0.3432333333333334
Slovenia,Civic engagement,2011,0.4297
Slovenia,Civic engagement,2012,0.39393333333333336
Slovenia,Civic engagement,2013,0.3581666666666667
Slovenia,Civic engagement,2014,0.3224
Slovenia,Civic engagement,2015,0.24180000000000001
Slovenia,Civic engagement,2016,0.1612
Slovenia,Civic engagement,2017,0.0806
Slovenia,Civic engagement,2018,0.0
Slovenia,Civic engagement,2019,0.160625
Slovenia,Civic engagement,2020,0.32125
Slovenia,Civic engagement,2021,0.48187499999999994
Slovenia,Civic engagement,2022,0.6425
Slovenia,Civic engagement,2023,0.104
Slovenia,Environmental quality,2006,0.9997
Slovenia,Environmental quality,2007,0.9998
Slovenia,Environmental quality,2008,0.9998
Slovenia,Environmental quality,2009,0.9998
Slovenia,Environmental quality,2010,0.9999
Slovenia,Environmental quality,2011,0.9999
Slovenia,Environmental quality,2012,0.7943
Slovenia,Environmental quality,2013,0.9999
Slovenia,Environmental quality,2014,1.0
Slovenia,Environmental quality,2015,1.0
Slovenia,Environmental quality,2016,1.0
Slovenia,Environmental quality,2017,1.0
Slovenia,Environmental quality,2018,0.7905
Slovenia,Environmental quality,2019,1.0
Slovenia,Environmental quality,2020,1.0
Slovenia,Environmental quality,2021,1.0
Slovenia,Environmental quality,2022,1.0
Slovenia,Environmental quality,2023,1.0
Slovenia,Health,2006,0.568
Slovenia,Health,2007,0.5731
Slovenia,Health,2008,0.5723
Slovenia,Health,2009,0.5537
Slovenia,Health,2010,0.549
Slovenia,Health,2011,0.5666
Slovenia,Health,2012,0.5663
Slovenia,Health,2013,0.5643
Slovenia,Health,2014,0.492
Slovenia,Health,2015,0.5836
Slovenia,Health,2016,0.585
Slovenia,Health,2017,0.559
Slovenia,Health,2018,0.5596
Slovenia,Health,2019,0.5463
Slovenia,Health,2020,0.567
Slovenia,Health,2021,0.6272
Slovenia,Health,2022,0.5852
Slovenia,Health,2023,0.5948
Slovenia,Housing,2006,0.4002
Slovenia,Housing,2007,0.4515
Slovenia,Housing,2008,0.477
Slovenia,Housing,2009,0.482
Slovenia,Housing,2010,0.3749
Slovenia,Housing,2011,0.4311
Slovenia,Housing,2012,0.4514
Slovenia,Housing,2013,0.4775
Slovenia,Housing,2014,0.4726
Slovenia,Housing,2015,0.4721
Slovenia,Housing,2016,0.4768
Slovenia,Housing,2017,0.475
Slovenia,Housing,2018,0.4905
Slovenia,Housing,2019,0.4752
Slovenia,Housing,2020,0.5052
Slovenia,Housing,2021,0.5026
Slovenia,Housing,2022,0.4439
Slovenia,Housing,2023,0.508
Slovenia,Income and wealth,2006,0.2133
Slovenia,Income and wealth,2007,0.1919
Slovenia,Income and wealth,2008,0.2175
Slovenia,Income and wealth,2009,0.2256
Slovenia,Income and wealth,2010,0.2392
Slovenia,Income and wealth,2011,0.226
Slovenia,Income and wealth,2012,0.2324
Slovenia,Income and wealth,2013,0.2502
Slovenia,Income and wealth,2014,0.3501
Slovenia,Income and wealth,2015,0.218
Slovenia,Income and wealth,2016,0.1944
Slovenia,Income and wealth,2017,0.3082
Slovenia,Income and wealth,2018,0.1548
Slovenia,Income and wealth,2019,0.1632
Slovenia,Income and wealth,2020,0.153
Slovenia,Income and wealth,2021,0.1371
Slovenia,Income and wealth,2022,0.249
Slovenia,Income and wealth,2023,0.1379
Slovenia,Knowledge and skills,2006,0.713
Slovenia,Knowledge and skills,2007,0.6981999999999999
Slovenia,Knowledge and skills,2008,0.6834
Slovenia,Knowledge and skills,2009,0.6686
Slovenia,Knowledge and skills,2010,0.6748
Slovenia,Knowledge and skills,2011,0.681
Slovenia,Knowledge and skills,2012,0.6872
Slovenia,Knowledge and skills,2013,0.68445
Slovenia,Knowledge and skills,2014,0.6817
Slovenia,Knowledge and skills,2015,0.7689
Slovenia,Knowledge and skills,2016,0.7372333333333334
Slovenia,Knowledge and skills,2017,0.7055666666666667
Slovenia,Knowledge and skills,2018,0.6739
Slovenia,Knowledge and skills,2019,0.6528750000000001
Slovenia,Knowledge and skills,2020,0.63185
Slovenia,Knowledge and skills,2021,0.610825
Slovenia,Knowledge and skills,2022,0.5898
Slovenia,Knowledge and skills,2023,0.5898
Slovenia,Safety,2006,0.8182
Slovenia,Safety,2007,0.8589
Slovenia,Safety,2008,0.8522
Slovenia,Safety,2009,0.8407
Slovenia,Safety,2010,0.8497
Slovenia,Safety,2011,0.8502
Slovenia,Safety,2012,0.8209
Slovenia,Safety,2013,0.8533
Slovenia,Safety,2014,0.837
Slovenia,Safety,2015,0.8202
Slovenia,Safety,2016,0.8185
Slovenia,Safety,2017,0.8762
Slovenia,Safety,2018,0.8803
Slovenia,Safety,2019,0.8859
Slovenia,Safety,2020,0.893
Slovenia,Safety,2021,0.8706
Slovenia,Safety,2022,0.8869
Slovenia,Safety,2023,0.8927
Slovenia,Social connections,2006,0.8813
Slovenia,Social connections,2007,0.8680666666666667
Slovenia,Social connections,2008,0.8548333333333333
Slovenia,Social connections,2009,0.8416
Slovenia,Social connections,2010,0.8349
Slovenia,Social connections,2011,0.8439
Slovenia,Social connections,2012,0.837
Slovenia,Social connections,2013,0.8063
Slovenia,Social connections,2014,0.8327
Slovenia,Social connections,2015,0.8257
Slovenia,Social connections,2016,0.8257
Slovenia,Social connections,2017,0.8576
Slovenia,Social connections,2018,0.8505
Slovenia,Social connections,2019,0.8501
Slovenia,Social connections,2020,0.8646
Slovenia,Social connections,2021,0.8646
Slovenia,Social connections,2022,0.8421
Slovenia,Social connections,2023,0.8375
Slovenia,Subjective well-being,2006,0.5962
Slovenia,Subjective well-being,2007,0.5752333333333333
Slovenia,Subjective well-being,2008,0.5542666666666667
Slovenia,Subjective well-being,2009,0.5333
Slovenia,Subjective well-being,2010,0.5637
Slovenia,Subjective well-being,2011,0.5768
Slovenia,Subjective well-being,2012,0.5768
Slovenia,Subjective well-being,2013,0.6222
Slovenia,Subjective well-being,2014,0.6226
Slovenia,Subjective well-being,2015,0.6226
Slovenia,Subjective well-being,2016,0.6226
Slovenia,Subjective well-being,2017,0.6818
Slovenia,Subjective well-being,2018,0.6931
Slovenia,Subjective well-being,2019,0.7223
Slovenia,Subjective well-being,2020,0.7414
Slovenia,Subjective well-being,2021,0.7523
Slovenia,Subjective well-being,2022,0.7471
Slovenia,Subjective well-being,2023,0.7237
Slovenia,Work and job quality,2006,0.7389
Slovenia,Work and job quality,2007,0.7863
Slovenia,Work and job quality,2008,0.7883
Slovenia,Work and job quality,2009,0.7912
Slovenia,Work and job quality,2010,0.7051
Slovenia,Work and job quality,2011,0.7729
Slovenia,Work and job quality,2012,0.7611
Slovenia,Work and job quality,2013,0.7287
Slovenia,Work and job quality,2014,0.7712
Slovenia,Work and job quality,2015,0.7099
Slovenia,Work and job quality,2016,0.7856
Slovenia,Work and job quality,2017,0.7856
Slovenia,Work and job quality,2018,0.7683
Slovenia,Work and job quality,2019,0.7844
Slovenia,Work and job quality,2020,0.7706
Slovenia,Work and job quality,2021,0.8016
Slovenia,Work and job quality,2022,0.7741
Slovenia,Work and job quality,2023,0.7717
Slovenia,Work-life balance,2006,0.4947
Slovenia,Work-life balance,2007,0.4947
Slovenia,Work-life balance,2008,0.4947
Slovenia,Work-life balance,2009,0.4947
Slovenia,Work-life balance,2010,0.4947
Slovenia,Work-life balance,2011,0.4947
Slovenia,Work-life balance,2012,0.4947
Slovenia,Work-life balance,2013,0.4947
Slovenia,Work-life balance,2014,0.48966
Slovenia,Work-life balance,2015,0.48462
Slovenia,Work-life balance,2016,0.47957999999999995
Slovenia,Work-life balance,2017,0.47453999999999996
Slovenia,Work-life balance,2018,0.4695
Slovenia,Work-life balance,2019,0.460175
Slovenia,Work-life balance,2020,0.45085
Slovenia,Work-life balance,2021,0.44152499999999995
Slovenia,Work-life balance,2022,0.4322
Slovenia,Work-life balance,2023,0.4322
Spain,Civic engagement,2006,0.7517
Spain,Civic engagement,2007,0.7517
Spain,Civic engagement,2008,0.7517
Spain,Civic engagement,2009,0.6730333333333334
Spain,Civic engagement,2010,0.5943666666666667
Spain,Civic engagement,2011,0.5157
Spain,Civic engagement,2012,0.517375
Spain,Civic engagement,2013,0.51905
Spain,Civic engagement,2014,0.520725
Spain,Civic engagement,2015,0.5224
Spain,Civic engagement,2016,0.5381
Spain,Civic engagement,2017,0.6143666666666667
Spain,Civic engagement,2018,0.6906333333333333
Spain,Civic engagement,2019,0.7669
Spain,Civic engagement,2020,0.68525
Spain,Civic engagement,2021,0.6036
Spain,Civic engagement,2022,0.52195
Spain,Civic engagement,2023,0.4403
Spain,Environmental quality,2006,0.4142
Spain,Environmental quality,2007,0.8168
Spain,Environmental quality,2008,0.7155
Spain,Environmental quality,2009,0.4479
Spain,Environmental quality,2010,0.6479
Spain,Environmental quality,2011,0.7334
Spain,Environmental quality,2012,0.63
Spain,Environmental quality,2013,0.4814
Spain,Environmental quality,2014,0.7775
Spain,Environmental quality,2015,0.5989
Spain,Environmental quality,2016,0.4918
Spain,Environmental quality,2017,0.4985
Spain,Environmental quality,2018,0.5335
Spain,Environmental quality,2019,0.4879
Spain,Environmental quality,2020,0.6073
Spain,Environmental quality,2021,0.3944
Spain,Environmental quality,2022,0.0
Spain,Environmental quality,2023,0.1384
Spain,Health,2006,0.6986
Spain,Health,2007,0.6949
Spain,Health,2008,0.6917
Spain,Health,2009,0.6811
Spain,Health,2010,0.6864
Spain,Health,2011,0.7092
Spain,Health,2012,0.7043
Spain,Health,2013,0.6995
Spain,Health,2014,0.5811
Spain,Health,2015,0.6899
Spain,Health,2016,0.6944
Spain,Health,2017,0.6846
Spain,Health,2018,0.6957
Spain,Health,2019,0.5702
Spain,Health,2020,0.6713
Spain,Health,2021,0.6996
Spain,Health,2022,0.6363
Spain,Health,2023,0.6343
Spain,Housing,2006,0.4235
Spain,Housing,2007,0.4298
Spain,Housing,2008,0.4183
Spain,Housing,2009,0.4449
Spain,Housing,2010,0.6455
Spain,Housing,2011,0.6227
Spain,Housing,2012,0.6041
Spain,Housing,2013,0.5694
Spain,Housing,2014,0.6128
Spain,Housing,2015,0.6035
Spain,Housing,2016,0.5887
Spain,Housing,2017,0.5757
Spain,Housing,2018,0.5584
Spain,Housing,2019,0.585
Spain,Housing,2020,0.6395
Spain,Housing,2021,0.6594
Spain,Housing,2022,0.6962
Spain,Housing,2023,0.8223
Spain,Income and wealth,2006,0.4848
Spain,Income and wealth,2007,0.5138
Spain,Income and wealth,2008,0.553
Spain,Income and wealth,2009,0.5102
Spain,Income and wealth,2010,0.4608
Spain,Income and wealth,2011,0.4292
Spain,Income and wealth,2012,0.4454
Spain,Income and wealth,2013,0.4555
Spain,Income and wealth,2014,0.4526
Spain,Income and wealth,2015,0.4389
Spain,Income and wealth,2016,0.4398
Spain,Income and wealth,2017,0.3921
Spain,Income and wealth,2018,0.4098
Spain,Income and wealth,2019,0.3817
Spain,Income and wealth,2020,0.3787
Spain,Income and wealth,2021,0.3489
Spain,Income and wealth,2022,0.3017
Spain,Income and wealth,2023,0.2709
Spain,Knowledge and skills,2006,0.5439
Spain,Knowledge and skills,2007,0.5544666666666667
Spain,Knowledge and skills,2008,0.5650333333333334
Spain,Knowledge and skills,2009,0.5756
Spain,Knowledge and skills,2010,0.5132666666666666
Spain,Knowledge and skills,2011,0.45093333333333335
Spain,Knowledge and skills,2012,0.3886
Spain,Knowledge and skills,2013,0.5003
Spain,Knowledge and skills,2014,0.612
Spain,Knowledge and skills,2015,0.7237
Spain,Knowledge and skills,2016,0.6635333333333333
Spain,Knowledge and skills,2017,0.6033666666666667
Spain,Knowledge and skills,2018,0.5432
Spain,Knowledge and skills,2019,0.545875
Spain,Knowledge and skills,2020,0.54855
Spain,Knowledge and skills,2021,0.551225
Spain,Knowledge and skills,2022,0.5539
Spain,Knowledge and skills,2023,0.5539
Spain,Safety,2006,0.6894
Spain,Safety,2007,0.6974
Spain,Safety,2008,0.6739
Spain,Safety,2009,0.6922
Spain,Safety,2010,0.7147
Spain,Safety,2011,0.7367
Spain,Safety,2012,0.7118
Spain,Safety,2013,0.7392
Spain,Safety,2014,0.7948
Spain,Safety,2015,0.7821
Spain,Safety,2016,0.782
Spain,Safety,2017,0.7974
Spain,Safety,2018,0.7981
Spain,Safety,2019,0.7802
Spain,Safety,2020,0.7842
Spain,Safety,2021,0.7825
Spain,Safety,2022,0.7645
Spain,Safety,2023,0.7645
Spain,Social connections,2006,0.916
Spain,Social connections,2007,0.9208
Spain,Social connections,2008,0.8876
Spain,Social connections,2009,0.7446
Spain,Social connections,2010,0.8804
Spain,Social connections,2011,0.8755
Spain,Social connections,2012,0.8684
Spain,Social connections,2013,0.752
Spain,Social connections,2014,0.8722
Spain,Social connections,2015,0.8649
Spain,Social connections,2016,0.8649
Spain,Social connections,2017,0.8212
Spain,Social connections,2018,0.8135
Spain,Social connections,2019,0.7951
Spain,Social connections,2020,0.8045
Spain,Social connections,2021,0.8045
Spain,Social connections,2022,0.7467
Spain,Social connections,2023,0.7972
Spain,Subjective well-being,2006,0.6463
Spain,Subjective well-being,2007,0.6093
Spain,Subjective well-being,2008,0.5926
Spain,Subjective well-being,2009,0.5513
Spain,Subjective well-being,2010,0.5356
Spain,Subjective well-being,2011,0.494
Spain,Subjective well-being,2012,0.494
Spain,Subjective well-being,2013,0.5731
Spain,Subjective well-being,2014,0.6126
Spain,Subjective well-being,2015,0.6126
Spain,Subjective well-being,2016,0.6126
Spain,Subjective well-being,2017,0.5952
Spain,Subjective well-being,2018,0.6593
Spain,Subjective well-being,2019,0.5996
Spain,Subjective well-being,2020,0.6412
Spain,Subjective well-being,2021,0.6565
Spain,Subjective well-being,2022,0.6452
Spain,Subjective well-being,2023,0.6305
Spain,Work and job quality,2006,0.7191
Spain,Work and job quality,2007,0.7732
Spain,Work and job quality,2008,0.7136
Spain,Work and job quality,2009,0.651
Spain,Work and job quality,2010,0.5958
Spain,Work and job quality,2011,0.609
Spain,Work and job quality,2012,0.5792
Spain,Work and job quality,2013,0.5636
Spain,Work and job quality,2014,0.6145
Spain,Work and job quality,2015,0.5887
Spain,Work and job quality,2016,0.634
Spain,Work and job quality,2017,0.6808
Spain,Work and job quality,2018,0.6727
Spain,Work and job quality,2019,0.6911
Spain,Work and job quality,2020,0.6816
Spain,Work and job quality,2021,0.6984
Spain,Work and job quality,2022,0.6287
Spain,Work and job quality,2023,0.6275
Spain,Work-life balance,2006,0.6425
Spain,Work-life balance,2007,0.6425
Spain,Work-life balance,2008,0.6425
Spain,Work-life balance,2009,0.6425
Spain,Work-life balance,2010,0.59875
Spain,Work-life balance,2011,0.5549999999999999
Spain,Work-life balance,2012,0.51125
Spain,Work-life balance,2013,0.4675
Spain,Work-life balance,2014,0.45912000000000003
Spain,Work-life balance,2015,0.45074000000000003
Spain,Work-life balance,2016,0.44236
Spain,Work-life balance,2017,0.43398
Spain,Work-life balance,2018,0.4256
Spain,Work-life balance,2019,0.42627499999999996
Spain,Work-life balance,2020,0.42695
Spain,Work-life balance,2021,0.42762500000000003
Spain,Work-life balance,2022,0.4283
Spain,Work-life balance,2023,0.4283
Sweden,Civic engagement,2006,0.7995
Sweden,Civic engagement,2007,0.8135
Sweden,Civic engagement,2008,0.8275
Sweden,Civic engagement,2009,0.8415
Sweden,Civic engagement,2010,0.8555
Sweden,Civic engagement,2011,0.86145
Sweden,Civic engagement,2012,0.8674
Sweden,Civic engagement,2013,0.87335
Sweden,Civic engagement,2014,0.8793
Sweden,Civic engagement,2015,0.8634499999999999
Sweden,Civic engagement,2016,0.8475999999999999
Sweden,Civic engagement,2017,0.83175
Sweden,Civic engagement,2018,0.8159
Sweden,Civic engagement,2019,0.6726333333333333
Sweden,Civic engagement,2020,0.5293666666666667
Sweden,Civic engagement,2021,0.3861
Sweden,Civic engagement,2022,0.8564
Sweden,Civic engagement,2023,0.403
Sweden,Environmental quality,2006,0.7854
Sweden,Environmental quality,2007,0.6669
Sweden,Environmental quality,2008,0.7505
Sweden,Environmental quality,2009,0.782
Sweden,Environmental quality,2010,0.8348
Sweden,Environmental quality,2011,0.8425
Sweden,Environmental quality,2012,0.8652
Sweden,Environmental quality,2013,0.8073
Sweden,Environmental quality,2014,0.8825
Sweden,Environmental quality,2015,0.803
Sweden,Environmental quality,2016,0.6961
Sweden,Environmental quality,2017,0.8033
Sweden,Environmental quality,2018,0.8575
Sweden,Environmental quality,2019,0.8219
Sweden,Environmental quality,2020,0.7413
Sweden,Environmental quality,2021,1.0
Sweden,Environmental quality,2022,1.0
Sweden,Environmental quality,2023,1.0
Sweden,Health,2006,0.6779
Sweden,Health,2007,0.6914
Sweden,Health,2008,0.6832
Sweden,Health,2009,0.6795
Sweden,Health,2010,0.6775
Sweden,Health,2011,0.6879
Sweden,Health,2012,0.6844
Sweden,Health,2013,0.6822
Sweden,Health,2014,0.611
Sweden,Health,2015,0.6662
Sweden,Health,2016,0.6649
Sweden,Health,2017,0.6554
Sweden,Health,2018,0.6581
Sweden,Health,2019,0.6416
Sweden,Health,2020,0.6562
Sweden,Health,2021,0.6704
Sweden,Health,2022,0.6412
Sweden,Health,2023,0.6116
Sweden,Housing,2006,0.3941
Sweden,Housing,2007,0.4575
Sweden,Housing,2008,0.4701
Sweden,Housing,2009,0.5025
Sweden,Housing,2010,0.6283
Sweden,Housing,2011,0.5956
Sweden,Housing,2012,0.5329
Sweden,Housing,2013,0.4363
Sweden,Housing,2014,0.5073
Sweden,Housing,2015,0.4975
Sweden,Housing,2016,0.5036
Sweden,Housing,2017,0.5307
Sweden,Housing,2018,0.4952
Sweden,Housing,2019,0.5113
Sweden,Housing,2020,0.496
Sweden,Housing,2021,0.4448
Sweden,Housing,2022,0.436
Sweden,Housing,2023,0.4814
Sweden,Income and wealth,2006,0.31
Sweden,Income and wealth,2007,0.3149
Sweden,Income and wealth,2008,0.3366
Sweden,Income and wealth,2009,0.322
Sweden,Income and wealth,2010,0.334
Sweden,Income and wealth,2011,0.3424
Sweden,Income and wealth,2012,0.3514
Sweden,Income and wealth,2013,0.2423
Sweden,Income and wealth,2014,0.2407
Sweden,Income and wealth,2015,0.2446
Sweden,Income and wealth,2016,0.2417
Sweden,Income and wealth,2017,0.2626
Sweden,Income and wealth,2018,0.2188
Sweden,Income and wealth,2019,0.2441
Sweden,Income and wealth,2020,0.2149
Sweden,Income and wealth,2021,0.2215
Sweden,Income and wealth,2022,0.1932
Sweden,Income and wealth,2023,0.4174
Sweden,Knowledge and skills,2006,0.7048
Sweden,Knowledge and skills,2007,0.6884
Sweden,Knowledge and skills,2008,0.6719999999999999
Sweden,Knowledge and skills,2009,0.6556
Sweden,Knowledge and skills,2010,0.6471
Sweden,Knowledge and skills,2011,0.6386
Sweden,Knowledge and skills,2012,0.6301
Sweden,Knowledge and skills,2013,0.6429
Sweden,Knowledge and skills,2014,0.6557
Sweden,Knowledge and skills,2015,0.6685
Sweden,Knowledge and skills,2016,0.6781333333333334
Sweden,Knowledge and skills,2017,0.6877666666666666
Sweden,Knowledge and skills,2018,0.6974
Sweden,Knowledge and skills,2019,0.68535
Sweden,Knowledge and skills,2020,0.6733
Sweden,Knowledge and skills,2021,0.66125
Sweden,Knowledge and skills,2022,0.6492
Sweden,Knowledge and skills,2023,0.6492
Sweden,Safety,2006,0.7654
Sweden,Safety,2007,0.7699
Sweden,Safety,2008,0.7208
Sweden,Safety,2009,0.7787
Sweden,Safety,2010,0.7935
Sweden,Safety,2011,0.8171
Sweden,Safety,2012,0.7892
Sweden,Safety,2013,0.8184
Sweden,Safety,2014,0.7472
Sweden,Safety,2015,0.736
Sweden,Safety,2016,0.7371
Sweden,Safety,2017,0.7504
Sweden,Safety,2018,0.7476
Sweden,Safety,2019,0.762
Sweden,Safety,2020,0.7748
Sweden,Safety,2021,0.7743
Sweden,Safety,2022,0.7459
Sweden,Safety,2023,0.7505
Sweden,Social connections,2006,0.8654
Sweden,Social connections,2007,0.87
Sweden,Social connections,2008,0.8358
Sweden,Social connections,2009,0.8457
Sweden,Social connections,2010,0.762
Sweden,Social connections,2011,0.8402
Sweden,Social connections,2012,0.8334
Sweden,Social connections,2013,0.7999
Sweden,Social connections,2014,0.8317
Sweden,Social connections,2015,0.8247
Sweden,Social connections,2016,0.8247
Sweden,Social connections,2017,0.824
Sweden,Social connections,2018,0.8107
Sweden,Social connections,2019,0.8086
Sweden,Social connections,2020,0.8161
Sweden,Social connections,2021,0.8161
Sweden,Social connections,2022,0.7422
Sweden,Social connections,2023,0.8199
Sweden,Subjective well-being,2006,0.8215
Sweden,Subjective well-being,2007,0.7776
Sweden,Subjective well-being,2008,0.7525
Sweden,Subjective well-being,2009,0.7833
Sweden,Subjective well-being,2010,0.7797
Sweden,Subjective well-being,2011,0.7672
Sweden,Subjective well-being,2012,0.7672
Sweden,Subjective well-being,2013,0.817
Sweden,Subjective well-being,2014,0.779
Sweden,Subjective well-being,2015,0.779
Sweden,Subjective well-being,2016,0.779
Sweden,Subjective well-being,2017,0.8111
Sweden,Subjective well-being,2018,0.8003
Sweden,Subjective well-being,2019,0.8101
Sweden,Subjective well-being,2020,0.7977
Sweden,Subjective well-being,2021,0.7682
Sweden,Subjective well-being,2022,0.7613
Sweden,Subjective well-being,2023,0.7773
Sweden,Work and job quality,2006,0.7766
Sweden,Work and job quality,2007,0.8335
Sweden,Work and job quality,2008,0.8195
Sweden,Work and job quality,2009,0.8005
Sweden,Work and job quality,2010,0.7183
Sweden,Work and job quality,2011,0.8423
Sweden,Work and job quality,2012,0.8442
Sweden,Work and job quality,2013,0.8344
Sweden,Work and job quality,2014,0.8658
Sweden,Work and job quality,2015,0.7585
Sweden,Work and job quality,2016,0.8612
Sweden,Work and job quality,2017,0.8528
Sweden,Work and job quality,2018,0.8415
Sweden,Work and job quality,2019,0.8584
Sweden,Work and job quality,2020,0.8517
Sweden,Work and job quality,2021,0.8304
Sweden,Work and job quality,2022,0.8102
Sweden,Work and job quality,2023,0.7544
Sweden,Work-life balance,2006,1.0
Sweden,Work-life balance,2007,1.0
Sweden,Work-life balance,2008,1.0
Sweden,Work-life balance,2009,1.0
Sweden,Work-life balance,2010,1.0
Sweden,Work-life balance,2011,0.8249333333333333
Sweden,Work-life balance,2012,0.6498666666666666
Sweden,Work-life balance,2013,0.4748
Sweden,Work-life balance,2014,0.4739
Sweden,Work-life balance,2015,0.473
Sweden,Work-life balance,2016,0.4721
Sweden,Work-life balance,2017,0.4712
Sweden,Work-life balance,2018,0.4703
Sweden,Work-life balance,2019,0.46055
Sweden,Work-life balance,2020,0.4508
Sweden,Work-life balance,2021,0.44105
Sweden,Work-life balance,2022,0.4313
Sweden,Work-life balance,2023,0.4313
Switzerland,Civic engagement,2006,0.2496
Switzerland,Civic engagement,2007,0.2496
Switzerland,Civic engagement,2008,0.19092499999999998
Switzerland,Civic engagement,2009,0.13224999999999998
Switzerland,Civic engagement,2010,0.073575
Switzerland,Civic engagement,2011,0.0149
Switzerland,Civic engagement,2012,0.011175000000000001
Switzerland,Civic engagement,2013,0.00745
Switzerland,Civic engagement,2014,0.003725
Switzerland,Civic engagement,2015,0.0
Switzerland,Civic engagement,2016,0.1146
Switzerland,Civic engagement,2017,0.2292
Switzerland,Civic engagement,2018,0.3438
Switzerland,Civic engagement,2019,0.4584
Switzerland,Civic engagement,2020,0.54785
Switzerland,Civic engagement,2021,0.6373
Switzerland,Civic engagement,2022,0.72675
Switzerland,Civic engagement,2023,0.8162
Switzerland,Environmental quality,2006,0.9931
Switzerland,Environmental quality,2007,0.9943
Switzerland,Environmental quality,2008,0.9954
Switzerland,Environmental quality,2009,0.9956
Switzerland,Environmental quality,2010,0.9976
Switzerland,Environmental quality,2011,0.9974
Switzerland,Environmental quality,2012,0.8526
Switzerland,Environmental quality,2013,0.9981
Switzerland,Environmental quality,2014,0.998
Switzerland,Environmental quality,2015,0.9984
Switzerland,Environmental quality,2016,0.999
Switzerland,Environmental quality,2017,0.9987
Switzerland,Environmental quality,2018,0.8497
Switzerland,Environmental quality,2019,0.9968
Switzerland,Environmental quality,2020,0.9972
Switzerland,Environmental quality,2021,1.0
Switzerland,Environmental quality,2022,1.0
Switzerland,Environmental quality,2023,1.0
Switzerland,Health,2006,0.8257
Switzerland,Health,2007,0.7147
Switzerland,Health,2008,0.6888
Switzerland,Health,2009,0.6843
Switzerland,Health,2010,0.6915
Switzerland,Health,2011,0.6978
Switzerland,Health,2012,0.6964
Switzerland,Health,2013,0.6941
Switzerland,Health,2014,0.6929
Switzerland,Health,2015,0.687
Switzerland,Health,2016,0.6931
Switzerland,Health,2017,0.6872
Switzerland,Health,2018,0.6996
Switzerland,Health,2019,0.7024
Switzerland,Health,2020,0.6967
Switzerland,Health,2021,0.7129
Switzerland,Health,2022,0.6586
Switzerland,Health,2023,0.8386
Switzerland,Housing,2006,0.5979
Switzerland,Housing,2007,0.5011
Switzerland,Housing,2008,0.5134
Switzerland,Housing,2009,0.5403
Switzerland,Housing,2010,0.6386
Switzerland,Housing,2011,0.5953
Switzerland,Housing,2012,0.5124
Switzerland,Housing,2013,0.5063
Switzerland,Housing,2014,0.5059
Switzerland,Housing,2015,0.4181
Switzerland,Housing,2016,0.414
Switzerland,Housing,2017,0.4431
Switzerland,Housing,2018,0.3924
Switzerland,Housing,2019,0.5112
Switzerland,Housing,2020,0.418
Switzerland,Housing,2021,0.5104
Switzerland,Housing,2022,0.2716
Switzerland,Housing,2023,0.0
Switzerland,Income and wealth,2006,0.5771
Switzerland,Income and wealth,2007,0.3863
Switzerland,Income and wealth,2008,0.3785
Switzerland,Income and wealth,2009,0.3369
Switzerland,Income and wealth,2010,0.3204
Switzerland,Income and wealth,2011,0.3354
Switzerland,Income and wealth,2012,0.313
Switzerland,Income and wealth,2013,0.3174
Switzerland,Income and wealth,2014,0.3344
Switzerland,Income and wealth,2015,0.3135
Switzerland,Income and wealth,2016,0.337
Switzerland,Income and wealth,2017,0.3205
Switzerland,Income and wealth,2018,0.3179
Switzerland,Income and wealth,2019,0.3312
Switzerland,Income and wealth,2020,0.3078
Switzerland,Income and wealth,2021,0.3624
Switzerland,Income and wealth,2022,0.4012
Switzerland,Income and wealth,2023,0.5312
Switzerland,Knowledge and skills,2006,0.7557
Switzerland,Knowledge and skills,2007,0.7673666666666666
Switzerland,Knowledge and skills,2008,0.7790333333333334
Switzerland,Knowledge and skills,2009,0.7907
Switzerland,Knowledge and skills,2010,0.7986333333333333
Switzerland,Knowledge and skills,2011,0.8065666666666667
Switzerland,Knowledge and skills,2012,0.8145
Switzerland,Knowledge and skills,2013,0.7949333333333334
Switzerland,Knowledge and skills,2014,0.7753666666666666
Switzerland,Knowledge and skills,2015,0.7558
Switzerland,Knowledge and skills,2016,0.7309
Switzerland,Knowledge and skills,2017,0.7060000000000001
Switzerland,Knowledge and skills,2018,0.6811
Switzerland,Knowledge and skills,2019,0.677225
Switzerland,Knowledge and skills,2020,0.67335
Switzerland,Knowledge and skills,2021,0.669475
Switzerland,Knowledge and skills,2022,0.6656
Switzerland,Knowledge and skills,2023,0.6656
Switzerland,Safety,2006,0.8311
Switzerland,Safety,2007,0.9933
Switzerland,Safety,2008,0.9777
Switzerland,Safety,2009,0.832
Switzerland,Safety,2010,0.9541
Switzerland,Safety,2011,0.9673
Switzerland,Safety,2012,0.8016
Switzerland,Safety,2013,0.9783
Switzerland,Safety,2014,0.838
Switzerland,Safety,2015,0.8235
Switzerland,Safety,2016,0.8275
Switzerland,Safety,2017,0.8663
Switzerland,Safety,2018,0.8662
Switzerland,Safety,2019,0.8741
Switzerland,Safety,2020,0.8715
Switzerland,Safety,2021,0.8726
Switzerland,Safety,2022,0.8557
Switzerland,Safety,2023,0.8516
Switzerland,Social connections,2006,0.9005
Switzerland,Social connections,2007,0.5634
Switzerland,Social connections,2008,0.4795
Switzerland,Social connections,2009,0.808
Switzerland,Social connections,2010,0.636
Switzerland,Social connections,2011,0.5726
Switzerland,Social connections,2012,0.8085
Switzerland,Social connections,2013,0.9002
Switzerland,Social connections,2014,0.7747
Switzerland,Social connections,2015,0.7703
Switzerland,Social connections,2016,0.8825
Switzerland,Social connections,2017,0.754
Switzerland,Social connections,2018,0.8639
Switzerland,Social connections,2019,0.7324
Switzerland,Social connections,2020,0.7216
Switzerland,Social connections,2021,0.8432
Switzerland,Social connections,2022,0.7956
Switzerland,Social connections,2023,0.7667
Switzerland,Subjective well-being,2006,0.7175
Switzerland,Subjective well-being,2007,0.5387
Switzerland,Subjective well-being,2008,0.5235
Switzerland,Subjective well-being,2009,0.7608
Switzerland,Subjective well-being,2010,0.8655
Switzerland,Subjective well-being,2011,0.8689
Switzerland,Subjective well-being,2012,0.7925
Switzerland,Subjective well-being,2013,0.8945
Switzerland,Subjective well-being,2014,0.8237
Switzerland,Subjective well-being,2015,0.8095
Switzerland,Subjective well-being,2016,0.8113
Switzerland,Subjective well-being,2017,0.8414
Switzerland,Subjective well-being,2018,0.8157
Switzerland,Subjective well-being,2019,0.817
Switzerland,Subjective well-being,2020,0.8313
Switzerland,Subjective well-being,2021,0.793
Switzerland,Subjective well-being,2022,0.8007
Switzerland,Subjective well-being,2023,0.7931
Switzerland,Work and job quality,2006,0.821
Switzerland,Work and job quality,2007,0.8743
Switzerland,Work and job quality,2008,0.8264
Switzerland,Work and job quality,2009,0.8974
Switzerland,Work and job quality,2010,0.8388
Switzerland,Work and job quality,2011,0.9133
Switzerland,Work and job quality,2012,0.8653
Switzerland,Work and job quality,2013,0.9019
Switzerland,Work and job quality,2014,0.8739
Switzerland,Work and job quality,2015,0.9216
Switzerland,Work and job quality,2016,0.8633
Switzerland,Work and job quality,2017,0.8979
Switzerland,Work and job quality,2018,0.8463
Switzerland,Work and job quality,2019,0.9054
Switzerland,Work and job quality,2020,0.8419
Switzerland,Work and job quality,2021,0.8592
Switzerland,Work and job quality,2022,0.7709
Switzerland,Work and job quality,2023,0.8128
Switzerland,Work-life balance,2006,0.5606
Switzerland,Work-life balance,2007,0.5606
Switzerland,Work-life balance,2008,0.5132
Switzerland,Work-life balance,2009,0.5485
Switzerland,Work-life balance,2010,0.5374
Switzerland,Work-life balance,2011,0.535
Switzerland,Work-life balance,2012,0.5709
Switzerland,Work-life balance,2013,0.4883
Switzerland,Work-life balance,2014,0.6237
Switzerland,Work-life balance,2015,0.6377
Switzerland,Work-life balance,2016,0.5542
Switzerland,Work-life balance,2017,0.5781
Switzerland,Work-life balance,2018,0.45
Switzerland,Work-life balance,2019,0.5092
Switzerland,Work-life balance,2020,0.6808
Switzerland,Work-life balance,2021,0.704
Switzerland,Work-life balance,2022,0.6989
Switzerland,Work-life balance,2023,0.6989
Türkiye,Civic engagement,2006,0.8303
Türkiye,Civic engagement,2007,0.8303
Türkiye,Civic engagement,2008,0.843225
Türkiye,Civic engagement,2009,0.85615
Türkiye,Civic engagement,2010,0.869075
Türkiye,Civic engagement,2011,0.882
Türkiye,Civic engagement,2012,0.8787
Türkiye,Civic engagement,2013,0.8754
Türkiye,Civic engagement,2014,0.8721
Türkiye,Civic engagement,2015,0.8688
Türkiye,Civic engagement,2016,0.8440666666666666
Türkiye,Civic engagement,2017,0.8193333333333334
Türkiye,Civic engagement,2018,0.7946
Türkiye,Civic engagement,2019,0.83504
Türkiye,Civic engagement,2020,0.87548
Türkiye,Civic engagement,2021,0.91592
Türkiye,Civic engagement,2022,0.95636
Türkiye,Civic engagement,2023,0.9968
Türkiye,Environmental quality,2006,0.5546
Türkiye,Environmental quality,2007,0.5911
Türkiye,Environmental quality,2008,0.4837
Türkiye,Environmental quality,2009,0.7063
Türkiye,Environmental quality,2010,0.5796
Türkiye,Environmental quality,2011,0.6825
Türkiye,Environmental quality,2012,0.7052
Türkiye,Environmental quality,2013,0.6448
Türkiye,Environmental quality,2014,0.6467
Türkiye,Environmental quality,2015,0.7286
Türkiye,Environmental quality,2016,0.6064
Türkiye,Environmental quality,2017,0.5947
Türkiye,Environmental quality,2018,0.7122
Türkiye,Environmental quality,2019,0.6717
Türkiye,Environmental quality,2020,0.669
Türkiye,Environmental quality,2021,0.4875
Türkiye,Environmental quality,2022,0.518
Türkiye,Environmental quality,2023,0.2845
Türkiye,Health,2006,0.5692
Türkiye,Health,2007,0.584
Türkiye,Health,2008,0.5742
Türkiye,Health,2009,0.6349
Türkiye,Health,2010,0.6358
Türkiye,Health,2011,0.6451
Türkiye,Health,2012,0.6399
Türkiye,Health,2013,0.6639
Türkiye,Health,2014,0.56
Türkiye,Health,2015,0.6601
Türkiye,Health,2016,0.6574
Türkiye,Health,2017,0.6388
Türkiye,Health,2018,0.6459
Türkiye,Health,2019,0.5634
Türkiye,Health,2020,0.5991
Türkiye,Health,2021,0.6042
Türkiye,Health,2022,0.5617
Türkiye,Health,2023,0.5617
Türkiye,Housing,2006,0.9847
Türkiye,Housing,2007,0.5255
Türkiye,Housing,2008,0.5734
Türkiye,Housing,2009,0.5874
Türkiye,Housing,2010,0.5806
Türkiye,Housing,2011,0.5786
Türkiye,Housing,2012,0.505
Türkiye,Housing,2013,0.4854
Türkiye,Housing,2014,0.4022
Türkiye,Housing,2015,0.4364
Türkiye,Housing,2016,0.5041
Türkiye,Housing,2017,0.5005
Türkiye,Housing,2018,0.4584
Türkiye,Housing,2019,0.4882
Türkiye,Housing,2020,0.5476
Türkiye,Housing,2021,0.8366
Türkiye,Housing,2022,1.0
Türkiye,Housing,2023,0.936
Türkiye,Income and wealth,2006,1.0
Türkiye,Income and wealth,2007,1.0
Türkiye,Income and wealth,2008,1.0
Türkiye,Income and wealth,2009,1.0
Türkiye,Income and wealth,2010,0.8693
Türkiye,Income and wealth,2011,0.7386
Türkiye,Income and wealth,2012,0.6572
Türkiye,Income and wealth,2013,0.6119
Türkiye,Income and wealth,2014,0.5583
Türkiye,Income and wealth,2015,0.5853
Türkiye,Income and wealth,2016,0.388
Türkiye,Income and wealth,2017,0.4063
Türkiye,Income and wealth,2018,0.362
Türkiye,Income and wealth,2019,0.5918
Türkiye,Income and wealth,2020,0.423
Türkiye,Income and wealth,2021,0.4793
Türkiye,Income and wealth,2022,0.4505
Türkiye,Income and wealth,2023,0.445
Türkiye,Knowledge and skills,2006,0.2896
Türkiye,Knowledge and skills,2007,0.3194666666666667
Türkiye,Knowledge and skills,2008,0.34933333333333333
Türkiye,Knowledge and skills,2009,0.3792
Türkiye,Knowledge and skills,2010,0.4056666666666667
Türkiye,Knowledge and skills,2011,0.4321333333333333
Türkiye,Knowledge and skills,2012,0.4586
Türkiye,Knowledge and skills,2013,0.42735
Türkiye,Knowledge and skills,2014,0.3961
Türkiye,Knowledge and skills,2015,0.5113
Türkiye,Knowledge and skills,2016,0.5099666666666667
Türkiye,Knowledge and skills,2017,0.5086333333333333
Türkiye,Knowledge and skills,2018,0.5073
Türkiye,Knowledge and skills,2019,0.4957
Türkiye,Knowledge and skills,2020,0.4841
Türkiye,Knowledge and skills,2021,0.4725
Türkiye,Knowledge and skills,2022,0.4609
Türkiye,Knowledge and skills,2023,0.4609
Türkiye,Safety,2006,0.3769
Türkiye,Safety,2007,0.3993
Türkiye,Safety,2008,0.3828
Türkiye,Safety,2009,0.4758
Türkiye,Safety,2010,0.4661
Türkiye,Safety,2011,0.4496
Türkiye,Safety,2012,0.4362
Türkiye,Safety,2013,0.4487
Türkiye,Safety,2014,0.4778
Türkiye,Safety,2015,0.4501
Türkiye,Safety,2016,0.4512
Türkiye,Safety,2017,0.4833
Türkiye,Safety,2018,0.4889
Türkiye,Safety,2019,0.4995
Türkiye,Safety,2020,0.419
Türkiye,Safety,2021,0.418
Türkiye,Safety,2022,0.4844
Türkiye,Safety,2023,0.4812
Türkiye,Social connections,2006,0.5456
Türkiye,Social connections,2007,0.5082
Türkiye,Social connections,2008,0.4576
Türkiye,Social connections,2009,0.4417
Türkiye,Social connections,2010,0.4862
Türkiye,Social connections,2011,0.4947
Türkiye,Social connections,2012,0.4907
Türkiye,Social connections,2013,0.4499
Türkiye,Social connections,2014,0.6534
Türkiye,Social connections,2015,0.6248
Türkiye,Social connections,2016,0.6248
Türkiye,Social connections,2017,0.6275
Türkiye,Social connections,2018,0.4663
Türkiye,Social connections,2019,0.5274
Türkiye,Social connections,2020,0.487
Türkiye,Social connections,2021,0.487
Türkiye,Social connections,2022,0.3886
Türkiye,Social connections,2023,0.5335
Türkiye,Subjective well-being,2006,0.6963
Türkiye,Subjective well-being,2007,0.4997
Türkiye,Subjective well-being,2008,0.5463
Türkiye,Subjective well-being,2009,0.5347
Türkiye,Subjective well-being,2010,0.5128
Türkiye,Subjective well-being,2011,0.479
Türkiye,Subjective well-being,2012,0.479
Türkiye,Subjective well-being,2013,0.4133
Türkiye,Subjective well-being,2014,0.4168
Türkiye,Subjective well-being,2015,0.4168
Türkiye,Subjective well-being,2016,0.4168
Türkiye,Subjective well-being,2017,0.4496
Türkiye,Subjective well-being,2018,0.3524
Türkiye,Subjective well-being,2019,0.4814
Türkiye,Subjective well-being,2020,0.413
Türkiye,Subjective well-being,2021,0.3718
Türkiye,Subjective well-being,2022,0.3741
Türkiye,Subjective well-being,2023,0.3876
Türkiye,Work and job quality,2006,0.4208
Türkiye,Work and job quality,2007,0.409
Türkiye,Work and job quality,2008,0.3991
Türkiye,Work and job quality,2009,0.3843
Türkiye,Work and job quality,2010,0.5167
Türkiye,Work and job quality,2011,0.4854
Türkiye,Work and job quality,2012,0.5818
Türkiye,Work and job quality,2013,0.5617
Türkiye,Work and job quality,2014,0.5554
Türkiye,Work and job quality,2015,0.5641
Türkiye,Work and job quality,2016,0.5305
Türkiye,Work and job quality,2017,0.4928
Türkiye,Work and job quality,2018,0.5204
Türkiye,Work and job quality,2019,0.4652
Türkiye,Work and job quality,2020,0.4763
Türkiye,Work and job quality,2021,0.5404
Türkiye,Work and job quality,2022,0.4897
Türkiye,Work and job quality,2023,0.3775
Türkiye,Work-life balance,2006,0.0839
Türkiye,Work-life balance,2007,0.0839
Türkiye,Work-life balance,2008,0.0839
Türkiye,Work-life balance,2009,0.0839
Türkiye,Work-life balance,2010,0.0839
Türkiye,Work-life balance,2011,0.0839
Türkiye,Work-life balance,2012,0.0839
Türkiye,Work-life balance,2013,0.0839
Türkiye,Work-life balance,2014,0.2991
Türkiye,Work-life balance,2015,0.254425
Türkiye,Work-life balance,2016,0.20975
Türkiye,Work-life balance,2017,0.165075
Türkiye,Work-life balance,2018,0.1204
Türkiye,Work-life balance,2019,0.108775
Türkiye,Work-life balance,2020,0.09714999999999999
Türkiye,Work-life balance,2021,0.08552499999999999
Türkiye,Work-life balance,2022,0.0739
Türkiye,Work-life balance,2023,0.0739
United Kingdom,Civic engagement,2006,0.5294
United Kingdom,Civic engagement,2007,0.5294
United Kingdom,Civic engagement,2008,0.5294
United Kingdom,Civic engagement,2009,0.5294
United Kingdom,Civic engagement,2010,0.5294
United Kingdom,Civic engagement,2011,0.5833
United Kingdom,Civic engagement,2012,0.6372
United Kingdom,Civic engagement,2013,0.6911
United Kingdom,Civic engagement,2014,0.53415
United Kingdom,Civic engagement,2015,0.3772
United Kingdom,Civic engagement,2016,0.45355
United Kingdom,Civic engagement,2017,0.5299
United Kingdom,Civic engagement,2018,0.43675
United Kingdom,Civic engagement,2019,0.3436
United Kingdom,Civic engagement,2020,0.29225
United Kingdom,Civic engagement,2021,0.2409
United Kingdom,Civic engagement,2022,0.2173
United Kingdom,Civic engagement,2023,0.1937
United Kingdom,Environmental quality,2006,0.9497
United Kingdom,Environmental quality,2007,0.961
United Kingdom,Environmental quality,2008,0.9679
United Kingdom,Environmental quality,2009,0.9695
United Kingdom,Environmental quality,2010,0.9829
United Kingdom,Environmental quality,2011,0.9815
United Kingdom,Environmental quality,2012,0.7776
United Kingdom,Environmental quality,2013,0.9889
United Kingdom,Environmental quality,2014,0.9901
United Kingdom,Environmental quality,2015,0.9905
United Kingdom,Environmental quality,2016,0.9916
United Kingdom,Environmental quality,2017,0.9943
United Kingdom,Environmental quality,2018,0.7677
United Kingdom,Environmental quality,2019,0.991
United Kingdom,Environmental quality,2020,0.9916
United Kingdom,Environmental quality,2021,1.0
United Kingdom,Environmental quality,2022,1.0
United Kingdom,Environmental quality,2023,1.0
United Kingdom,Health,2006,0.6786
United Kingdom,Health,2007,0.6885
United Kingdom,Health,2008,0.682
United Kingdom,Health,2009,0.6811
United Kingdom,Health,2010,0.6819
United Kingdom,Health,2011,0.6804
United Kingdom,Health,2012,0.6803
United Kingdom,Health,2013,0.6794
United Kingdom,Health,2014,0.5928
United Kingdom,Health,2015,0.6603
United Kingdom,Health,2016,0.6647
United Kingdom,Health,2017,0.6532
United Kingdom,Health,2018,0.6507
United Kingdom,Health,2019,0.6525
United Kingdom,Health,2020,0.73
United Kingdom,Health,2021,0.6872
United Kingdom,Health,2022,0.6516
United Kingdom,Health,2023,0.6516
United Kingdom,Housing,2006,0.3212
United Kingdom,Housing,2007,0.3679
United Kingdom,Housing,2008,0.3919
United Kingdom,Housing,2009,0.4288
United Kingdom,Housing,2010,0.5695
United Kingdom,Housing,2011,0.5577
United Kingdom,Housing,2012,0.549
United Kingdom,Housing,2013,0.5735
United Kingdom,Housing,2014,0.5493
United Kingdom,Housing,2015,0.5308
United Kingdom,Housing,2016,0.5187
United Kingdom,Housing,2017,0.5152
United Kingdom,Housing,2018,0.5003
United Kingdom,Housing,2019,0.6076
United Kingdom,Housing,2020,0.5331
United Kingdom,Housing,2021,0.2685
United Kingdom,Housing,2022,0.3108
United Kingdom,Housing,2023,0.3385
United Kingdom,Income and wealth,2006,0.6327
United Kingdom,Income and wealth,2007,0.4968
United Kingdom,Income and wealth,2008,0.4866
United Kingdom,Income and wealth,2009,0.5505
United Kingdom,Income and wealth,2010,0.2442
United Kingdom,Income and wealth,2011,0.2327
United Kingdom,Income and wealth,2012,0.2122
United Kingdom,Income and wealth,2013,0.3691
United Kingdom,Income and wealth,2014,0.2038
United Kingdom,Income and wealth,2015,0.4447
United Kingdom,Income and wealth,2016,0.2039
United Kingdom,Income and wealth,2017,0.4336
United Kingdom,Income and wealth,2018,0.2375
United Kingdom,Income and wealth,2019,0.2895
United Kingdom,Income and wealth,2020,0.2183
United Kingdom,Income and wealth,2021,0.2335
United Kingdom,Income and wealth,2022,0.0224
United Kingdom,Income and wealth,2023,0.0224
United Kingdom,Knowledge and skills,2006,0.6898
United Kingdom,Knowledge and skills,2007,0.6878666666666666
United Kingdom,Knowledge and skills,2008,0.6859333333333334
United Kingdom,Knowledge and skills,2009,0.684
United Kingdom,Knowledge and skills,2010,0.6954
United Kingdom,Knowledge and skills,2011,0.7068
United Kingdom,Knowledge and skills,2012,0.7182
United Kingdom,Knowledge and skills,2013,0.7254999999999999
United Kingdom,Knowledge and skills,2014,0.7328
United Kingdom,Knowledge and skills,2015,0.7401
United Kingdom,Knowledge and skills,2016,0.7293
United Kingdom,Knowledge and skills,2017,0.7185
United Kingdom,Knowledge and skills,2018,0.7077
United Kingdom,Knowledge and skills,2019,0.6970000000000001
United Kingdom,Knowledge and skills,2020,0.6863
United Kingdom,Knowledge and skills,2021,0.6756
United Kingdom,Knowledge and skills,2022,0.6649
United Kingdom,Knowledge and skills,2023,0.6649
United Kingdom,Safety,2006,0.6793
United Kingdom,Safety,2007,0.6524
United Kingdom,Safety,2008,0.6631
United Kingdom,Safety,2009,0.6892
United Kingdom,Safety,2010,0.7011
United Kingdom,Safety,2011,0.7071
United Kingdom,Safety,2012,0.6838
United Kingdom,Safety,2013,0.7071
United Kingdom,Safety,2014,0.7328
United Kingdom,Safety,2015,0.7226
United Kingdom,Safety,2016,0.7234
United Kingdom,Safety,2017,0.7501
United Kingdom,Safety,2018,0.7503
United Kingdom,Safety,2019,0.7293
United Kingdom,Safety,2020,0.7142
United Kingdom,Safety,2021,0.6682
United Kingdom,Safety,2022,0.7028
United Kingdom,Safety,2023,0.6893
United Kingdom,Social connections,2006,0.9528
United Kingdom,Social connections,2007,0.9294
United Kingdom,Social connections,2008,0.8984
United Kingdom,Social connections,2009,0.9205
United Kingdom,Social connections,2010,0.8944
United Kingdom,Social connections,2011,0.8803
United Kingdom,Social connections,2012,0.8732
United Kingdom,Social connections,2013,0.7786
United Kingdom,Social connections,2014,0.702
United Kingdom,Social connections,2015,0.8492
United Kingdom,Social connections,2016,0.8492
United Kingdom,Social connections,2017,0.7778
United Kingdom,Social connections,2018,0.7954
United Kingdom,Social connections,2019,0.7172
United Kingdom,Social connections,2020,0.6807
United Kingdom,Social connections,2021,0.6351
United Kingdom,Social connections,2022,0.7045
United Kingdom,Social connections,2023,0.6967
United Kingdom,Subjective well-being,2006,0.7164
United Kingdom,Subjective well-being,2007,0.6269
United Kingdom,Subjective well-being,2008,0.6278
United Kingdom,Subjective well-being,2009,0.7042
United Kingdom,Subjective well-being,2010,0.7215
United Kingdom,Subjective well-being,2011,0.6836
United Kingdom,Subjective well-being,2012,0.6836
United Kingdom,Subjective well-being,2013,0.7141
United Kingdom,Subjective well-being,2014,0.7557
United Kingdom,Subjective well-being,2015,0.7546
United Kingdom,Subjective well-being,2016,0.7555
United Kingdom,Subjective well-being,2017,0.7793
United Kingdom,Subjective well-being,2018,0.7588
United Kingdom,Subjective well-being,2019,0.7263
United Kingdom,Subjective well-being,2020,0.7188
United Kingdom,Subjective well-being,2021,0.7303
United Kingdom,Subjective well-being,2022,0.6989
United Kingdom,Subjective well-being,2023,0.7249
United Kingdom,Work and job quality,2006,0.7777
United Kingdom,Work and job quality,2007,0.7906
United Kingdom,Work and job quality,2008,0.77
United Kingdom,Work and job quality,2009,0.7563
United Kingdom,Work and job quality,2010,0.6925
United Kingdom,Work and job quality,2011,0.7695
United Kingdom,Work and job quality,2012,0.7767
United Kingdom,Work and job quality,2013,0.7464
United Kingdom,Work and job quality,2014,0.8196
United Kingdom,Work and job quality,2015,0.7164
United Kingdom,Work and job quality,2016,0.8156
United Kingdom,Work and job quality,2017,0.7849
United Kingdom,Work and job quality,2018,0.757
United Kingdom,Work and job quality,2019,0.7817
United Kingdom,Work and job quality,2020,0.7879
United Kingdom,Work and job quality,2021,0.8064
United Kingdom,Work and job quality,2022,0.779
United Kingdom,Work and job quality,2023,0.7725
United Kingdom,Work-life balance,2006,0.5301
United Kingdom,Work-life balance,2007,0.5301
United Kingdom,Work-life balance,2008,0.5301
United Kingdom,Work-life balance,2009,0.5301
United Kingdom,Work-life balance,2010,0.5301
United Kingdom,Work-life balance,2011,0.5301
United Kingdom,Work-life balance,2012,0.5301
United Kingdom,Work-life balance,2013,0.5301
United Kingdom,Work-life balance,2014,0.5195
United Kingdom,Work-life balance,2015,0.5106499999999999
United Kingdom,Work-life balance,2016,0.5018
United Kingdom,Work-life balance,2017,0.49295
United Kingdom,Work-life balance,2018,0.4841
United Kingdom,Work-life balance,2019,0.4841
United Kingdom,Work-life balance,2020,0.4841
United Kingdom,Work-life balance,2021,0.4841
United Kingdom,Work-life balance,2022,0.4841
United Kingdom,Work-life balance,2023,0.4841
United States,Civic engagement,2006,0.0509
United States,Civic engagement,2007,0.1406
United States,Civic engagement,2008,0.2303
United States,Civic engagement,2009,0.23815
United States,Civic engagement,2010,0.246
United States,Civic engagement,2011,0.38285
United States,Civic engagement,2012,0.5197
United States,Civic engagement,2013,0.35345000000000004
United States,Civic engagement,2014,0.1872
United States,Civic engagement,2015,0.376
United States,Civic engagement,2016,0.5648
United States,Civic engagement,2017,0.33209999999999995
United States,Civic engagement,2018,0.0994
United States,Civic engagement,2019,0.19155
United States,Civic engagement,2020,0.2837
United States,Civic engagement,2021,0.2837
United States,Civic engagement,2022,0.2837
United States,Civic engagement,2023,0.2837
United States,Environmental quality,2006,0.4761
United States,Environmental quality,2007,0.6851
United States,Environmental quality,2008,0.5374
United States,Environmental quality,2009,0.5109
United States,Environmental quality,2010,0.5846
United States,Environmental quality,2011,0.3761
United States,Environmental quality,2012,0.6335
United States,Environmental quality,2013,0.6217
United States,Environmental quality,2014,0.6762
United States,Environmental quality,2015,0.6742
United States,Environmental quality,2016,0.5847
United States,Environmental quality,2017,0.7209
United States,Environmental quality,2018,0.5918
United States,Environmental quality,2019,0.5088
United States,Environmental quality,2020,0.7164
United States,Environmental quality,2021,0.6678
United States,Environmental quality,2022,0.3116
United States,Environmental quality,2023,0.4336
United States,Health,2006,0.6759
United States,Health,2007,0.6887
United States,Health,2008,0.6781
United States,Health,2009,0.6701
United States,Health,2010,0.6633
United States,Health,2011,0.6635
United States,Health,2012,0.6632
United States,Health,2013,0.6612
United States,Health,2014,0.6615
United States,Health,2015,0.6466
United States,Health,2016,0.6528
United States,Health,2017,0.632
United States,Health,2018,0.6329
United States,Health,2019,0.6261
United States,Health,2020,0.6151
United States,Health,2021,0.6123
United States,Health,2022,0.6549
United States,Health,2023,0.6549
United States,Housing,2006,0.7586
United States,Housing,2007,0.6522
United States,Housing,2008,0.7852
United States,Housing,2009,0.7164
United States,Housing,2010,0.8503
United States,Housing,2011,0.8345
United States,Housing,2012,0.8067
United States,Housing,2013,0.7668
United States,Housing,2014,0.8077
United States,Housing,2015,0.7272
United States,Housing,2016,0.7631
United States,Housing,2017,0.7004
United States,Housing,2018,0.7389
United States,Housing,2019,0.6863
United States,Housing,2020,0.7606
United States,Housing,2021,0.6504
United States,Housing,2022,0.7544
United States,Housing,2023,0.4526
United States,Income and wealth,2006,1.0
United States,Income and wealth,2007,1.0
United States,Income and wealth,2008,1.0
United States,Income and wealth,2009,0.9705
United States,Income and wealth,2010,0.6609
United States,Income and wealth,2011,1.0
United States,Income and wealth,2012,1.0
United States,Income and wealth,2013,0.6415
United States,Income and wealth,2014,0.7492
United States,Income and wealth,2015,0.7432
United States,Income and wealth,2016,0.5687
United States,Income and wealth,2017,0.7876
United States,Income and wealth,2018,0.772
United States,Income and wealth,2019,0.7911
United States,Income and wealth,2020,0.6999
United States,Income and wealth,2021,0.6784
United States,Income and wealth,2022,0.7856
United States,Income and wealth,2023,0.7856
United States,Knowledge and skills,2006,0.5803
United States,Knowledge and skills,2007,0.6079333333333333
United States,Knowledge and skills,2008,0.6355666666666667
United States,Knowledge and skills,2009,0.6632
United States,Knowledge and skills,2010,0.5999
United States,Knowledge and skills,2011,0.5366
United States,Knowledge and skills,2012,0.4733
United States,Knowledge and skills,2013,0.5502
United States,Knowledge and skills,2014,0.6271
United States,Knowledge and skills,2015,0.704
United States,Knowledge and skills,2016,0.73245
United States,Knowledge and skills,2017,0.7609
United States,Knowledge and skills,2018,0.66
United States,Knowledge and skills,2019,0.65915
United States,Knowledge and skills,2020,0.6583
United States,Knowledge and skills,2021,0.65745
United States,Knowledge and skills,2022,0.6566
United States,Knowledge and skills,2023,0.6566
United States,Safety,2006,0.7603
United States,Safety,2007,0.761
United States,Safety,2008,0.7512
United States,Safety,2009,0.7406
United States,Safety,2010,0.7078
United States,Safety,2011,0.678
United States,Safety,2012,0.6487
United States,Safety,2013,0.6769
United States,Safety,2014,0.6472
United States,Safety,2015,0.6283
United States,Safety,2016,0.6236
United States,Safety,2017,0.6315
United States,Safety,2018,0.634
United States,Safety,2019,0.6283
United States,Safety,2020,0.6401
United States,Safety,2021,0.6376
United States,Safety,2022,0.6486
United States,Safety,2023,0.6486
United States,Social connections,2006,0.916
United States,Social connections,2007,0.8791500000000001
United States,Social connections,2008,0.8423
United States,Social connections,2009,0.8255
United States,Social connections,2010,0.7545
United States,Social connections,2011,0.7856
United States,Social connections,2012,0.7792
United States,Social connections,2013,0.7792
United States,Social connections,2014,0.7717
United States,Social connections,2015,0.7653
United States,Social connections,2016,0.7653
United States,Social connections,2017,0.7576
United States,Social connections,2018,0.6954
United States,Social connections,2019,0.718
United States,Social connections,2020,0.732
United States,Social connections,2021,0.732
United States,Social connections,2022,0.6856
United States,Social connections,2023,0.6856
United States,Subjective well-being,2006,0.6659
United States,Subjective well-being,2007,0.6555
United States,Subjective well-being,2008,0.6605
United States,Subjective well-being,2009,0.5901
United States,Subjective well-being,2010,0.5873
United States,Subjective well-being,2011,0.5582
United States,Subjective well-being,2012,0.5582
United States,Subjective well-being,2013,0.5582
United States,Subjective well-being,2014,0.626
United States,Subjective well-being,2015,0.626
United States,Subjective well-being,2016,0.626
United States,Subjective well-being,2017,0.6379
United States,Subjective well-being,2018,0.6379
United States,Subjective well-being,2019,0.6455
United States,Subjective well-being,2020,0.6474
United States,Subjective well-being,2021,0.6474
United States,Subjective well-being,2022,0.6085
United States,Subjective well-being,2023,0.6085
United States,Work and job quality,2006,0.8007
United States,Work and job quality,2007,0.8108
United States,Work and job quality,2008,0.795
United States,Work and job quality,2009,0.7684
United States,Work and job quality,2010,0.7613
United States,Work and job quality,2011,0.7666
United States,Work and job quality,2012,0.7813
United States,Work and job quality,2013,0.7997
United States,Work and job quality,2014,0.8162
United States,Work and job quality,2015,0.7267
United States,Work and job quality,2016,0.8169
United States,Work and job quality,2017,0.7941
United States,Work and job quality,2018,0.8087
United States,Work and job quality,2019,0.7916
United States,Work and job quality,2020,0.7821
United States,Work and job quality,2021,0.7977
United States,Work and job quality,2022,0.7778
United States,Work and job quality,2023,0.8042
United States,Work-life balance,2006,0.6077
United States,Work-life balance,2007,0.2845
United States,Work-life balance,2008,0.1288
United States,Work-life balance,2009,0.1371
United States,Work-life balance,2010,0.1353
United States,Work-life balance,2011,0.3329
United States,Work-life balance,2012,0.1341
United States,Work-life balance,2013,0.0784
United States,Work-life balance,2014,0.2566
United States,Work-life balance,2015,0.46
United States,Work-life balance,2016,0.2216
United States,Work-life balance,2017,0.307
United States,Work-life balance,2018,0.4142
United States,Work-life balance,2019,0.3526
United States,Work-life balance,2020,0.29410000000000003
United States,Work-life balance,2021,0.2356
United States,Work-life balance,2022,0.2478
United States,Work-life balance,2023,0.2478
